[{"model": "admin.logentry", "pk": 1, "fields": {"action_time": "2021-08-14T22:05:19.786Z", "user": 1, "content_type": 7, "object_id": "1", "object_repr": "Picanha", "action_flag": 1, "change_message": "[{\"added\": {}}]"}}, {"model": "admin.logentry", "pk": 2, "fields": {"action_time": "2021-08-14T22:06:45.033Z", "user": 1, "content_type": 7, "object_id": "1", "object_repr": "Picanha", "action_flag": 3, "change_message": ""}}, {"model": "admin.logentry", "pk": 3, "fields": {"action_time": "2021-08-14T22:09:33.392Z", "user": 1, "content_type": 7, "object_id": "1", "object_repr": "Picanha", "action_flag": 1, "change_message": "[{\"added\": {}}]"}}, {"model": "admin.logentry", "pk": 4, "fields": {"action_time": "2021-08-14T22:09:52.274Z", "user": 1, "content_type": 7, "object_id": "2", "object_repr": "Picanha", "action_flag": 1, "change_message": "[{\"added\": {}}]"}}, {"model": "admin.logentry", "pk": 5, "fields": {"action_time": "2021-08-14T22:11:14.970Z", "user": 1, "content_type": 7, "object_id": "3", "object_repr": "Picanha", "action_flag": 1, "change_message": "[{\"added\": {}}]"}}, {"model": "admin.logentry", "pk": 6, "fields": {"action_time": "2021-08-14T22:12:27.770Z", "user": 1, "content_type": 7, "object_id": "4", "object_repr": "Picanha", "action_flag": 1, "change_message": "[{\"added\": {}}]"}}, {"model": "admin.logentry", "pk": 7, "fields": {"action_time": "2021-08-14T22:12:46.830Z", "user": 1, "content_type": 7, "object_id": "3", "object_repr": "Picanha", "action_flag": 3, "change_message": ""}}, {"model": "admin.logentry", "pk": 8, "fields": {"action_time": "2021-08-14T22:12:47.024Z", "user": 1, "content_type": 7, "object_id": "2", "object_repr": "Picanha", "action_flag": 3, "change_message": ""}}, {"model": "admin.logentry", "pk": 9, "fields": {"action_time": "2021-08-14T22:12:47.166Z", "user": 1, "content_type": 7, "object_id": "1", "object_repr": "Picanha", "action_flag": 3, "change_message": ""}}, {"model": "admin.logentry", "pk": 10, "fields": {"action_time": "2021-08-14T22:13:26.262Z", "user": 1, "content_type": 4, "object_id": "2", "object_repr": "antonio", "action_flag": 1, "change_message": "[{\"added\": {}}]"}}, {"model": "admin.logentry", "pk": 11, "fields": {"action_time": "2021-08-14T22:14:51.266Z", "user": 1, "content_type": 4, "object_id": "2", "object_repr": "antonio", "action_flag": 2, "change_message": "[{\"changed\": {\"fields\": [\"First name\", \"Last name\", \"Email address\", \"Staff status\", \"Superuser status\", \"User permissions\", \"Last login\"]}}]"}}, {"model": "admin.logentry", "pk": 12, "fields": {"action_time": "2021-08-15T18:33:48.849Z", "user": 1, "content_type": 7, "object_id": "4", "object_repr": "Picanha", "action_flag": 3, "change_message": ""}}, {"model": "admin.logentry", "pk": 13, "fields": {"action_time": "2021-08-16T17:57:03.469Z", "user": 1, "content_type": 7, "object_id": "6", "object_repr": "Django: o que é e como começar a usar este framework", "action_flag": 3, "change_message": ""}}, {"model": "admin.logentry", "pk": 14, "fields": {"action_time": "2021-08-16T17:57:04.020Z", "user": 1, "content_type": 7, "object_id": "5", "object_repr": "HTML", "action_flag": 3, "change_message": ""}}, {"model": "admin.logentry", "pk": 15, "fields": {"action_time": "2021-08-22T05:14:37.282Z", "user": 1, "content_type": 7, "object_id": "1", "object_repr": "Django: o que é e como começar a usar este framework", "action_flag": 3, "change_message": ""}}, {"model": "admin.logentry", "pk": 16, "fields": {"action_time": "2021-08-23T00:42:18.486Z", "user": 1, "content_type": 4, "object_id": "2", "object_repr": "antonio", "action_flag": 2, "change_message": "[{\"changed\": {\"fields\": [\"password\"]}}]"}}, {"model": "admin.logentry", "pk": 17, "fields": {"action_time": "2021-08-23T01:28:15.537Z", "user": 2, "content_type": 4, "object_id": "3", "object_repr": "Evanildo", "action_flag": 1, "change_message": "[{\"added\": {}}]"}}, {"model": "admin.logentry", "pk": 18, "fields": {"action_time": "2021-08-23T01:28:49.811Z", "user": 2, "content_type": 4, "object_id": "3", "object_repr": "Evanildo", "action_flag": 2, "change_message": "[{\"changed\": {\"fields\": [\"First name\", \"Staff status\", \"Superuser status\", \"User permissions\", \"Last login\"]}}]"}}, {"model": "admin.logentry", "pk": 19, "fields": {"action_time": "2021-08-23T01:29:29.130Z", "user": 2, "content_type": 4, "object_id": "4", "object_repr": "Luan", "action_flag": 1, "change_message": "[{\"added\": {}}]"}}, {"model": "admin.logentry", "pk": 20, "fields": {"action_time": "2021-08-23T01:29:42.468Z", "user": 2, "content_type": 4, "object_id": "4", "object_repr": "Luan", "action_flag": 2, "change_message": "[{\"changed\": {\"fields\": [\"First name\", \"Last name\", \"Staff status\"]}}]"}}, {"model": "admin.logentry", "pk": 21, "fields": {"action_time": "2021-08-23T01:30:00.113Z", "user": 2, "content_type": 4, "object_id": "4", "object_repr": "Luan", "action_flag": 2, "change_message": "[{\"changed\": {\"fields\": [\"Superuser status\", \"User permissions\", \"Last login\"]}}]"}}, {"model": "admin.logentry", "pk": 22, "fields": {"action_time": "2021-08-23T01:31:29.765Z", "user": 2, "content_type": 4, "object_id": "5", "object_repr": "Jean", "action_flag": 1, "change_message": "[{\"added\": {}}]"}}, {"model": "admin.logentry", "pk": 23, "fields": {"action_time": "2021-08-23T01:31:54.030Z", "user": 2, "content_type": 4, "object_id": "5", "object_repr": "Jean", "action_flag": 2, "change_message": "[{\"changed\": {\"fields\": [\"First name\", \"Last name\", \"Staff status\", \"Superuser status\", \"User permissions\", \"Last login\"]}}]"}}, {"model": "admin.logentry", "pk": 24, "fields": {"action_time": "2021-08-23T18:08:12.526Z", "user": 5, "content_type": 8, "object_id": "5", "object_repr": "Django", "action_flag": 1, "change_message": "[{\"added\": {}}]"}}, {"model": "admin.logentry", "pk": 25, "fields": {"action_time": "2021-08-23T18:08:26.434Z", "user": 5, "content_type": 8, "object_id": "6", "object_repr": "Java", "action_flag": 1, "change_message": "[{\"added\": {}}]"}}, {"model": "admin.logentry", "pk": 26, "fields": {"action_time": "2021-08-23T18:28:03.079Z", "user": 5, "content_type": 7, "object_id": "3", "object_repr": "Desenvolvimento web em camadas com API", "action_flag": 3, "change_message": ""}}, {"model": "admin.logentry", "pk": 27, "fields": {"action_time": "2021-08-26T19:42:02.974Z", "user": 5, "content_type": 8, "object_id": "8", "object_repr": "Geral", "action_flag": 1, "change_message": "[{\"added\": {}}]"}}, {"model": "admin.logentry", "pk": 28, "fields": {"action_time": "2021-08-26T20:00:34.342Z", "user": 5, "content_type": 7, "object_id": "4", "object_repr": "Explorando o método bind em JavaScript Conhecendo o método bind e seus benefícios.", "action_flag": 1, "change_message": "[{\"added\": {}}]"}}, {"model": "admin.logentry", "pk": 29, "fields": {"action_time": "2021-08-26T20:17:55.848Z", "user": 5, "content_type": 7, "object_id": "4", "object_repr": "Explorando o método bind em JavaScript Conhecendo o método bind e seus benefícios.", "action_flag": 2, "change_message": "[{\"changed\": {\"fields\": [\"Foto\"]}}]"}}, {"model": "admin.logentry", "pk": 30, "fields": {"action_time": "2021-08-26T20:38:41.229Z", "user": 5, "content_type": 7, "object_id": "5", "object_repr": "Carrossel descomplicado com HTML, CSS", "action_flag": 1, "change_message": "[{\"added\": {}}]"}}, {"model": "admin.logentry", "pk": 31, "fields": {"action_time": "2021-08-29T03:38:34.069Z", "user": 2, "content_type": 4, "object_id": "2", "object_repr": "Antonio", "action_flag": 2, "change_message": "[{\"changed\": {\"fields\": [\"Username\"]}}]"}}, {"model": "admin.logentry", "pk": 32, "fields": {"action_time": "2021-08-30T14:25:23.388Z", "user": 5, "content_type": 7, "object_id": "2", "object_repr": "Desenvolvimento web em camadas com API", "action_flag": 2, "change_message": "[{\"changed\": {\"fields\": [\"Subtitulo\"]}}]"}}, {"model": "admin.logentry", "pk": 33, "fields": {"action_time": "2021-08-30T14:29:34.512Z", "user": 5, "content_type": 7, "object_id": "2", "object_repr": "Desenvolvimento web em camadas com API", "action_flag": 2, "change_message": "[{\"changed\": {\"fields\": [\"Subtitulo\"]}}]"}}, {"model": "admin.logentry", "pk": 34, "fields": {"action_time": "2021-08-30T14:31:59.161Z", "user": 5, "content_type": 7, "object_id": "2", "object_repr": "Desenvolvimento web em camadas com API", "action_flag": 2, "change_message": "[]"}}, {"model": "admin.logentry", "pk": 35, "fields": {"action_time": "2021-08-30T14:32:57.421Z", "user": 5, "content_type": 7, "object_id": "2", "object_repr": "Desenvolvimento web em camadas com API", "action_flag": 2, "change_message": "[]"}}, {"model": "admin.logentry", "pk": 36, "fields": {"action_time": "2021-08-30T14:33:16.510Z", "user": 5, "content_type": 7, "object_id": "5", "object_repr": "Carrossel descomplicado com HTML, CSS", "action_flag": 2, "change_message": "[{\"changed\": {\"fields\": [\"Subtitulo\"]}}]"}}, {"model": "admin.logentry", "pk": 37, "fields": {"action_time": "2021-08-30T14:33:23.535Z", "user": 5, "content_type": 7, "object_id": "4", "object_repr": "Explorando o método bind em JavaScript Conhecendo o método bind e seus benefícios.", "action_flag": 2, "change_message": "[{\"changed\": {\"fields\": [\"Subtitulo\"]}}]"}}, {"model": "admin.logentry", "pk": 38, "fields": {"action_time": "2021-08-30T14:33:30.411Z", "user": 5, "content_type": 7, "object_id": "3", "object_repr": "O que é Programação e qual a sua importância para o futuro digital?", "action_flag": 2, "change_message": "[{\"changed\": {\"fields\": [\"Subtitulo\"]}}]"}}, {"model": "admin.logentry", "pk": 39, "fields": {"action_time": "2021-08-30T14:36:03.792Z", "user": 5, "content_type": 7, "object_id": "2", "object_repr": "Desenvolvimento web em camadas com API", "action_flag": 2, "change_message": "[{\"changed\": {\"fields\": [\"Subtitulo\"]}}]"}}, {"model": "admin.logentry", "pk": 40, "fields": {"action_time": "2021-08-30T14:38:26.708Z", "user": 5, "content_type": 7, "object_id": "3", "object_repr": "O que é Programação e qual a sua importância para o futuro digital?", "action_flag": 2, "change_message": "[{\"changed\": {\"fields\": [\"Subtitulo\"]}}]"}}, {"model": "admin.logentry", "pk": 41, "fields": {"action_time": "2021-08-30T14:38:54.844Z", "user": 5, "content_type": 7, "object_id": "4", "object_repr": "Explorando o método bind em JavaScript Conhecendo o método bind e seus benefícios.", "action_flag": 2, "change_message": "[{\"changed\": {\"fields\": [\"Subtitulo\"]}}]"}}, {"model": "admin.logentry", "pk": 42, "fields": {"action_time": "2021-08-30T14:39:47.864Z", "user": 5, "content_type": 7, "object_id": "5", "object_repr": "Carrossel descomplicado com HTML, CSS", "action_flag": 2, "change_message": "[{\"changed\": {\"fields\": [\"Subtitulo\"]}}]"}}, {"model": "admin.logentry", "pk": 43, "fields": {"action_time": "2021-08-30T14:39:57.376Z", "user": 5, "content_type": 7, "object_id": "4", "object_repr": "Explorando o método bind em JavaScript Conhecendo o método bind e seus benefícios.", "action_flag": 2, "change_message": "[]"}}, {"model": "admin.logentry", "pk": 44, "fields": {"action_time": "2021-08-30T18:27:39.411Z", "user": 5, "content_type": 7, "object_id": "8", "object_repr": "Palmeiras", "action_flag": 2, "change_message": "[{\"changed\": {\"fields\": [\"Foto\"]}}]"}}, {"model": "admin.logentry", "pk": 45, "fields": {"action_time": "2021-08-30T18:44:42.478Z", "user": 5, "content_type": 7, "object_id": "8", "object_repr": "O palmeiras é o atual campeao da libertadores", "action_flag": 2, "change_message": "[{\"changed\": {\"fields\": [\"Titulo\"]}}]"}}, {"model": "admin.logentry", "pk": 46, "fields": {"action_time": "2021-08-30T18:55:40.316Z", "user": 5, "content_type": 7, "object_id": "9", "object_repr": "html", "action_flag": 1, "change_message": "[{\"added\": {}}]"}}, {"model": "admin.logentry", "pk": 47, "fields": {"action_time": "2021-08-30T18:56:46.278Z", "user": 5, "content_type": 7, "object_id": "9", "object_repr": "html", "action_flag": 3, "change_message": ""}}, {"model": "admin.logentry", "pk": 48, "fields": {"action_time": "2021-08-30T19:10:05.062Z", "user": 5, "content_type": 7, "object_id": "10", "object_repr": "jsadklfjkjsadf", "action_flag": 1, "change_message": "[{\"added\": {}}]"}}, {"model": "admin.logentry", "pk": 49, "fields": {"action_time": "2021-08-30T19:11:09.321Z", "user": 5, "content_type": 7, "object_id": "10", "object_repr": "jsadklfjkjsadf", "action_flag": 3, "change_message": ""}}, {"model": "admin.logentry", "pk": 50, "fields": {"action_time": "2021-08-30T19:11:24.188Z", "user": 5, "content_type": 7, "object_id": "8", "object_repr": "O palmeiras é o atual campeao da libertadores", "action_flag": 3, "change_message": ""}}, {"model": "admin.logentry", "pk": 51, "fields": {"action_time": "2021-09-06T11:13:50.256Z", "user": 5, "content_type": 7, "object_id": "6", "object_repr": "O que é um desenvolvedor Java", "action_flag": 2, "change_message": "[{\"changed\": {\"fields\": [\"Foto\"]}}]"}}, {"model": "admin.logentry", "pk": 52, "fields": {"action_time": "2021-09-06T11:18:20.468Z", "user": 5, "content_type": 7, "object_id": "3", "object_repr": "O que é Programação e qual a sua importância para o futuro digital?", "action_flag": 2, "change_message": "[{\"changed\": {\"fields\": [\"Foto\"]}}]"}}, {"model": "admin.logentry", "pk": 53, "fields": {"action_time": "2021-09-06T11:18:45.500Z", "user": 5, "content_type": 7, "object_id": "2", "object_repr": "Desenvolvimento web em camadas com API", "action_flag": 2, "change_message": "[{\"changed\": {\"fields\": [\"Foto\"]}}]"}}, {"model": "admin.logentry", "pk": 54, "fields": {"action_time": "2021-09-06T11:18:58.884Z", "user": 5, "content_type": 7, "object_id": "4", "object_repr": "Explorando o método bind em JavaScript Conhecendo o método bind e seus benefícios.", "action_flag": 2, "change_message": "[{\"changed\": {\"fields\": [\"Foto\"]}}]"}}, {"model": "admin.logentry", "pk": 55, "fields": {"action_time": "2021-09-06T11:19:17.023Z", "user": 5, "content_type": 7, "object_id": "5", "object_repr": "Carrossel descomplicado com HTML, CSS", "action_flag": 2, "change_message": "[{\"changed\": {\"fields\": [\"Foto\"]}}]"}}, {"model": "admin.logentry", "pk": 56, "fields": {"action_time": "2021-09-06T11:19:29.291Z", "user": 5, "content_type": 7, "object_id": "7", "object_repr": "Estruturas de repetição em Python", "action_flag": 2, "change_message": "[{\"changed\": {\"fields\": [\"Foto\"]}}]"}}, {"model": "admin.logentry", "pk": 57, "fields": {"action_time": "2021-09-06T11:19:40.684Z", "user": 5, "content_type": 7, "object_id": "2", "object_repr": "Desenvolvimento web em camadas com API", "action_flag": 2, "change_message": "[{\"changed\": {\"fields\": [\"Categoria\"]}}]"}}, {"model": "admin.logentry", "pk": 58, "fields": {"action_time": "2021-09-06T11:19:55.439Z", "user": 5, "content_type": 8, "object_id": "7", "object_repr": "API", "action_flag": 3, "change_message": ""}}, {"model": "admin.logentry", "pk": 59, "fields": {"action_time": "2021-09-06T11:21:54.288Z", "user": 5, "content_type": 7, "object_id": "3", "object_repr": "O que é Programação e qual a sua importância para o futuro digital?", "action_flag": 2, "change_message": "[{\"changed\": {\"fields\": [\"Foto\"]}}]"}}, {"model": "admin.logentry", "pk": 60, "fields": {"action_time": "2021-09-06T11:22:24.611Z", "user": 5, "content_type": 7, "object_id": "2", "object_repr": "Desenvolvimento web em camadas com API", "action_flag": 2, "change_message": "[{\"changed\": {\"fields\": [\"Foto\"]}}]"}}, {"model": "admin.logentry", "pk": 61, "fields": {"action_time": "2021-09-06T11:22:31.996Z", "user": 5, "content_type": 7, "object_id": "3", "object_repr": "O que é Programação e qual a sua importância para o futuro digital?", "action_flag": 2, "change_message": "[{\"changed\": {\"fields\": [\"Categoria\"]}}]"}}, {"model": "admin.logentry", "pk": 62, "fields": {"action_time": "2021-09-07T16:42:12.685Z", "user": 2, "content_type": 12, "object_id": "6", "object_repr": "antonio", "action_flag": 1, "change_message": "[{\"added\": {}}]"}}, {"model": "admin.logentry", "pk": 63, "fields": {"action_time": "2021-09-07T17:46:53.343Z", "user": 2, "content_type": 4, "object_id": "6", "object_repr": "antonio", "action_flag": 3, "change_message": ""}}, {"model": "admin.logentry", "pk": 64, "fields": {"action_time": "2021-09-07T18:02:52.724Z", "user": 2, "content_type": 12, "object_id": "7", "object_repr": "Antonioo", "action_flag": 1, "change_message": "[{\"added\": {}}]"}}, {"model": "admin.logentry", "pk": 65, "fields": {"action_time": "2021-09-07T18:10:47.520Z", "user": 2, "content_type": 4, "object_id": "7", "object_repr": "Antonioo", "action_flag": 3, "change_message": ""}}, {"model": "admin.logentry", "pk": 66, "fields": {"action_time": "2021-09-07T22:02:13.472Z", "user": 2, "content_type": 12, "object_id": "8", "object_repr": "", "action_flag": 3, "change_message": ""}}, {"model": "admin.logentry", "pk": 67, "fields": {"action_time": "2021-09-07T22:04:54.217Z", "user": 2, "content_type": 12, "object_id": "9", "object_repr": "", "action_flag": 3, "change_message": ""}}, {"model": "admin.logentry", "pk": 68, "fields": {"action_time": "2021-09-07T22:05:40.145Z", "user": 2, "content_type": 4, "object_id": "10", "object_repr": "", "action_flag": 3, "change_message": ""}}, {"model": "admin.logentry", "pk": 69, "fields": {"action_time": "2021-09-08T00:56:37.593Z", "user": 2, "content_type": 12, "object_id": "12", "object_repr": "Ana Luiza", "action_flag": 1, "change_message": "[{\"added\": {}}]"}}, {"model": "admin.logentry", "pk": 70, "fields": {"action_time": "2021-09-08T00:57:04.242Z", "user": 2, "content_type": 12, "object_id": "12", "object_repr": "Ana Luiza", "action_flag": 3, "change_message": ""}}, {"model": "admin.logentry", "pk": 71, "fields": {"action_time": "2021-09-08T00:57:04.359Z", "user": 2, "content_type": 12, "object_id": "11", "object_repr": "Antônio Bruno", "action_flag": 3, "change_message": ""}}, {"model": "admin.logentry", "pk": 72, "fields": {"action_time": "2021-09-08T00:59:56.322Z", "user": 2, "content_type": 12, "object_id": "14", "object_repr": "Ana Luiza", "action_flag": 1, "change_message": "[{\"added\": {}}]"}}, {"model": "admin.logentry", "pk": 73, "fields": {"action_time": "2021-09-08T01:00:12.985Z", "user": 2, "content_type": 4, "object_id": "13", "object_repr": "", "action_flag": 3, "change_message": ""}}, {"model": "admin.logentry", "pk": 74, "fields": {"action_time": "2021-09-08T01:00:13.102Z", "user": 2, "content_type": 4, "object_id": "14", "object_repr": "antonio", "action_flag": 3, "change_message": ""}}, {"model": "admin.logentry", "pk": 75, "fields": {"action_time": "2021-09-08T01:03:03.268Z", "user": 2, "content_type": 4, "object_id": "15", "object_repr": "brunokremer022@gmail.com", "action_flag": 3, "change_message": ""}}, {"model": "admin.logentry", "pk": 76, "fields": {"action_time": "2021-09-08T01:37:27.248Z", "user": 2, "content_type": 4, "object_id": "16", "object_repr": "AntonioBruno", "action_flag": 3, "change_message": ""}}, {"model": "admin.logentry", "pk": 77, "fields": {"action_time": "2021-09-08T02:17:14.256Z", "user": 2, "content_type": 4, "object_id": "17", "object_repr": "Antonio_Bruno", "action_flag": 3, "change_message": ""}}, {"model": "admin.logentry", "pk": 78, "fields": {"action_time": "2021-09-08T02:17:14.396Z", "user": 2, "content_type": 4, "object_id": "18", "object_repr": "brunokremer", "action_flag": 3, "change_message": ""}}, {"model": "admin.logentry", "pk": 79, "fields": {"action_time": "2021-09-08T02:17:14.503Z", "user": 2, "content_type": 4, "object_id": "19", "object_repr": "brunokremerr", "action_flag": 3, "change_message": ""}}, {"model": "admin.logentry", "pk": 80, "fields": {"action_time": "2021-09-08T11:58:28.744Z", "user": 2, "content_type": 4, "object_id": "20", "object_repr": "", "action_flag": 3, "change_message": ""}}, {"model": "admin.logentry", "pk": 81, "fields": {"action_time": "2021-09-08T12:10:16.224Z", "user": 2, "content_type": 4, "object_id": "21", "object_repr": "", "action_flag": 3, "change_message": ""}}, {"model": "admin.logentry", "pk": 82, "fields": {"action_time": "2021-09-08T12:11:09.141Z", "user": 2, "content_type": 12, "object_id": "22", "object_repr": "Antônio Bruno", "action_flag": 1, "change_message": "[{\"added\": {}}]"}}, {"model": "admin.logentry", "pk": 83, "fields": {"action_time": "2021-09-08T12:12:40.658Z", "user": 2, "content_type": 4, "object_id": "22", "object_repr": "brunokremer", "action_flag": 3, "change_message": ""}}, {"model": "admin.logentry", "pk": 84, "fields": {"action_time": "2021-09-08T12:14:32.460Z", "user": 1, "content_type": 4, "object_id": "23", "object_repr": "bruno", "action_flag": 2, "change_message": "[{\"changed\": {\"fields\": [\"Active\"]}}]"}}, {"model": "admin.logentry", "pk": 85, "fields": {"action_time": "2021-09-08T12:14:56.226Z", "user": 1, "content_type": 12, "object_id": "23", "object_repr": "Bruno", "action_flag": 2, "change_message": "[{\"changed\": {\"fields\": [\"Genero\", \"Ocupacao\", \"Foto\"]}}]"}}, {"model": "admin.logentry", "pk": 86, "fields": {"action_time": "2021-09-08T12:15:26.027Z", "user": 1, "content_type": 4, "object_id": "23", "object_repr": "bruno", "action_flag": 2, "change_message": "[{\"changed\": {\"fields\": [\"Active\"]}}]"}}, {"model": "admin.logentry", "pk": 87, "fields": {"action_time": "2021-09-08T13:29:37.636Z", "user": 2, "content_type": 12, "object_id": "23", "object_repr": "Bruno", "action_flag": 2, "change_message": "[{\"changed\": {\"fields\": [\"Genero\"]}}]"}}, {"model": "admin.logentry", "pk": 88, "fields": {"action_time": "2021-09-08T19:31:44.134Z", "user": 2, "content_type": 4, "object_id": "25", "object_repr": "", "action_flag": 3, "change_message": ""}}, {"model": "admin.logentry", "pk": 89, "fields": {"action_time": "2021-09-09T19:53:22.081Z", "user": 5, "content_type": 10, "object_id": "1", "object_repr": "Artigo muito bom.", "action_flag": 1, "change_message": "[{\"added\": {}}]"}}, {"model": "admin.logentry", "pk": 90, "fields": {"action_time": "2021-09-09T19:55:05.822Z", "user": 5, "content_type": 10, "object_id": "1", "object_repr": "Artigo muito bom.", "action_flag": 3, "change_message": ""}}, {"model": "admin.logentry", "pk": 91, "fields": {"action_time": "2021-09-09T19:57:39.776Z", "user": 5, "content_type": 12, "object_id": "26", "object_repr": "Jean", "action_flag": 3, "change_message": ""}}, {"model": "admin.logentry", "pk": 92, "fields": {"action_time": "2021-09-12T21:45:35.441Z", "user": 5, "content_type": 7, "object_id": "9", "object_repr": "Como emitir NF-e com JavaScript? Veja o passo a passo", "action_flag": 2, "change_message": "[{\"changed\": {\"fields\": [\"Foto\"]}}]"}}, {"model": "admin.logentry", "pk": 93, "fields": {"action_time": "2021-09-12T21:45:51.343Z", "user": 5, "content_type": 7, "object_id": "8", "object_repr": "Carreira de programador: conheça as áreas de atuação e como se destacar no mercado", "action_flag": 2, "change_message": "[{\"changed\": {\"fields\": [\"Foto\"]}}]"}}, {"model": "admin.logentry", "pk": 94, "fields": {"action_time": "2021-09-13T14:32:15.347Z", "user": 1, "content_type": 15, "object_id": "1", "object_repr": "Bruno", "action_flag": 1, "change_message": "[{\"added\": {}}]"}}, {"model": "admin.logentry", "pk": 95, "fields": {"action_time": "2021-09-16T14:20:16.022Z", "user": 1, "content_type": 12, "object_id": "24", "object_repr": "Antônio Bruno", "action_flag": 3, "change_message": ""}}, {"model": "admin.logentry", "pk": 96, "fields": {"action_time": "2021-09-16T14:20:52.230Z", "user": 1, "content_type": 12, "object_id": "27", "object_repr": "", "action_flag": 1, "change_message": "[{\"added\": {}}]"}}, {"model": "admin.logentry", "pk": 97, "fields": {"action_time": "2021-09-16T14:21:12.186Z", "user": 1, "content_type": 12, "object_id": "27", "object_repr": "", "action_flag": 3, "change_message": ""}}, {"model": "admin.logentry", "pk": 98, "fields": {"action_time": "2021-09-16T14:24:28.996Z", "user": 1, "content_type": 12, "object_id": "28", "object_repr": "antonio", "action_flag": 2, "change_message": "[{\"changed\": {\"fields\": [\"First name\", \"Last name\", \"Ocupacao\", \"Genero\", \"Cidade\", \"CEP\"]}}]"}}, {"model": "admin.logentry", "pk": 99, "fields": {"action_time": "2021-09-16T14:47:38.940Z", "user": 1, "content_type": 12, "object_id": "28", "object_repr": "antonio", "action_flag": 2, "change_message": "[{\"changed\": {\"fields\": [\"Foto\"]}}]"}}, {"model": "admin.logentry", "pk": 100, "fields": {"action_time": "2021-09-16T14:47:49.323Z", "user": 1, "content_type": 12, "object_id": "23", "object_repr": "Bruno", "action_flag": 2, "change_message": "[]"}}, {"model": "admin.logentry", "pk": 101, "fields": {"action_time": "2021-09-16T14:49:08.578Z", "user": 1, "content_type": 15, "object_id": "1", "object_repr": "Bruno", "action_flag": 2, "change_message": "[{\"changed\": {\"fields\": [\"Foto\"]}}]"}}, {"model": "admin.logentry", "pk": 102, "fields": {"action_time": "2021-09-16T14:58:18.769Z", "user": 1, "content_type": 15, "object_id": "1", "object_repr": "antonio", "action_flag": 2, "change_message": "[{\"changed\": {\"fields\": [\"Usuario\"]}}]"}}, {"model": "admin.logentry", "pk": 103, "fields": {"action_time": "2021-09-16T14:58:56.275Z", "user": 1, "content_type": 15, "object_id": "1", "object_repr": "Bruno", "action_flag": 2, "change_message": "[{\"changed\": {\"fields\": [\"Usuario\"]}}]"}}, {"model": "admin.logentry", "pk": 104, "fields": {"action_time": "2021-09-18T23:43:51.281Z", "user": 1, "content_type": 10, "object_id": "1", "object_repr": "Antonio", "action_flag": 3, "change_message": ""}}, {"model": "admin.logentry", "pk": 105, "fields": {"action_time": "2021-09-19T00:12:15.826Z", "user": 5, "content_type": 12, "object_id": "29", "object_repr": "delete", "action_flag": 3, "change_message": ""}}, {"model": "admin.logentry", "pk": 106, "fields": {"action_time": "2021-09-19T00:12:15.915Z", "user": 5, "content_type": 12, "object_id": "30", "object_repr": "teste2", "action_flag": 3, "change_message": ""}}, {"model": "admin.logentry", "pk": 107, "fields": {"action_time": "2021-09-19T00:12:16.002Z", "user": 5, "content_type": 12, "object_id": "31", "object_repr": "teste3", "action_flag": 3, "change_message": ""}}, {"model": "admin.logentry", "pk": 108, "fields": {"action_time": "2021-09-20T12:33:16.209Z", "user": 1, "content_type": 15, "object_id": "1", "object_repr": "Bruno", "action_flag": 3, "change_message": ""}}, {"model": "auth.permission", "pk": 1, "fields": {"name": "Can add log entry", "content_type": 1, "codename": "add_logentry"}}, {"model": "auth.permission", "pk": 2, "fields": {"name": "Can change log entry", "content_type": 1, "codename": "change_logentry"}}, {"model": "auth.permission", "pk": 3, "fields": {"name": "Can delete log entry", "content_type": 1, "codename": "delete_logentry"}}, {"model": "auth.permission", "pk": 4, "fields": {"name": "Can view log entry", "content_type": 1, "codename": "view_logentry"}}, {"model": "auth.permission", "pk": 5, "fields": {"name": "Can add permission", "content_type": 2, "codename": "add_permission"}}, {"model": "auth.permission", "pk": 6, "fields": {"name": "Can change permission", "content_type": 2, "codename": "change_permission"}}, {"model": "auth.permission", "pk": 7, "fields": {"name": "Can delete permission", "content_type": 2, "codename": "delete_permission"}}, {"model": "auth.permission", "pk": 8, "fields": {"name": "Can view permission", "content_type": 2, "codename": "view_permission"}}, {"model": "auth.permission", "pk": 9, "fields": {"name": "Can add group", "content_type": 3, "codename": "add_group"}}, {"model": "auth.permission", "pk": 10, "fields": {"name": "Can change group", "content_type": 3, "codename": "change_group"}}, {"model": "auth.permission", "pk": 11, "fields": {"name": "Can delete group", "content_type": 3, "codename": "delete_group"}}, {"model": "auth.permission", "pk": 12, "fields": {"name": "Can view group", "content_type": 3, "codename": "view_group"}}, {"model": "auth.permission", "pk": 13, "fields": {"name": "Can add user", "content_type": 4, "codename": "add_user"}}, {"model": "auth.permission", "pk": 14, "fields": {"name": "Can change user", "content_type": 4, "codename": "change_user"}}, {"model": "auth.permission", "pk": 15, "fields": {"name": "Can delete user", "content_type": 4, "codename": "delete_user"}}, {"model": "auth.permission", "pk": 16, "fields": {"name": "Can view user", "content_type": 4, "codename": "view_user"}}, {"model": "auth.permission", "pk": 17, "fields": {"name": "Can add content type", "content_type": 5, "codename": "add_contenttype"}}, {"model": "auth.permission", "pk": 18, "fields": {"name": "Can change content type", "content_type": 5, "codename": "change_contenttype"}}, {"model": "auth.permission", "pk": 19, "fields": {"name": "Can delete content type", "content_type": 5, "codename": "delete_contenttype"}}, {"model": "auth.permission", "pk": 20, "fields": {"name": "Can view content type", "content_type": 5, "codename": "view_contenttype"}}, {"model": "auth.permission", "pk": 21, "fields": {"name": "Can add session", "content_type": 6, "codename": "add_session"}}, {"model": "auth.permission", "pk": 22, "fields": {"name": "Can change session", "content_type": 6, "codename": "change_session"}}, {"model": "auth.permission", "pk": 23, "fields": {"name": "Can delete session", "content_type": 6, "codename": "delete_session"}}, {"model": "auth.permission", "pk": 24, "fields": {"name": "Can view session", "content_type": 6, "codename": "view_session"}}, {"model": "auth.permission", "pk": 25, "fields": {"name": "Can add Post", "content_type": 7, "codename": "add_post"}}, {"model": "auth.permission", "pk": 26, "fields": {"name": "Can change Post", "content_type": 7, "codename": "change_post"}}, {"model": "auth.permission", "pk": 27, "fields": {"name": "Can delete Post", "content_type": 7, "codename": "delete_post"}}, {"model": "auth.permission", "pk": 28, "fields": {"name": "Can view Post", "content_type": 7, "codename": "view_post"}}, {"model": "auth.permission", "pk": 29, "fields": {"name": "Can add category", "content_type": 8, "codename": "add_category"}}, {"model": "auth.permission", "pk": 30, "fields": {"name": "Can change category", "content_type": 8, "codename": "change_category"}}, {"model": "auth.permission", "pk": 31, "fields": {"name": "Can delete category", "content_type": 8, "codename": "delete_category"}}, {"model": "auth.permission", "pk": 32, "fields": {"name": "Can view category", "content_type": 8, "codename": "view_category"}}, {"model": "auth.permission", "pk": 33, "fields": {"name": "Can add indicacao", "content_type": 9, "codename": "add_indicacao"}}, {"model": "auth.permission", "pk": 34, "fields": {"name": "Can change indicacao", "content_type": 9, "codename": "change_indicacao"}}, {"model": "auth.permission", "pk": 35, "fields": {"name": "Can delete indicacao", "content_type": 9, "codename": "delete_indicacao"}}, {"model": "auth.permission", "pk": 36, "fields": {"name": "Can view indicacao", "content_type": 9, "codename": "view_indicacao"}}, {"model": "auth.permission", "pk": 37, "fields": {"name": "Can add categoria", "content_type": 8, "codename": "add_categoria"}}, {"model": "auth.permission", "pk": 38, "fields": {"name": "Can change categoria", "content_type": 8, "codename": "change_categoria"}}, {"model": "auth.permission", "pk": 39, "fields": {"name": "Can delete categoria", "content_type": 8, "codename": "delete_categoria"}}, {"model": "auth.permission", "pk": 40, "fields": {"name": "Can view categoria", "content_type": 8, "codename": "view_categoria"}}, {"model": "auth.permission", "pk": 41, "fields": {"name": "Can add Comentário", "content_type": 10, "codename": "add_comentarios"}}, {"model": "auth.permission", "pk": 42, "fields": {"name": "Can change Comentário", "content_type": 10, "codename": "change_comentarios"}}, {"model": "auth.permission", "pk": 43, "fields": {"name": "Can delete Comentário", "content_type": 10, "codename": "delete_comentarios"}}, {"model": "auth.permission", "pk": 44, "fields": {"name": "Can view Comentário", "content_type": 10, "codename": "view_comentarios"}}, {"model": "auth.permission", "pk": 45, "fields": {"name": "Can add user", "content_type": 11, "codename": "add_usuarios"}}, {"model": "auth.permission", "pk": 46, "fields": {"name": "Can change user", "content_type": 11, "codename": "change_usuarios"}}, {"model": "auth.permission", "pk": 47, "fields": {"name": "Can delete user", "content_type": 11, "codename": "delete_usuarios"}}, {"model": "auth.permission", "pk": 48, "fields": {"name": "Can view user", "content_type": 11, "codename": "view_usuarios"}}, {"model": "auth.permission", "pk": 49, "fields": {"name": "Can add user", "content_type": 12, "codename": "add_customuser"}}, {"model": "auth.permission", "pk": 50, "fields": {"name": "Can change user", "content_type": 12, "codename": "change_customuser"}}, {"model": "auth.permission", "pk": 51, "fields": {"name": "Can delete user", "content_type": 12, "codename": "delete_customuser"}}, {"model": "auth.permission", "pk": 52, "fields": {"name": "Can view user", "content_type": 12, "codename": "view_customuser"}}, {"model": "auth.permission", "pk": 53, "fields": {"name": "Can add Token", "content_type": 13, "codename": "add_token"}}, {"model": "auth.permission", "pk": 54, "fields": {"name": "Can change Token", "content_type": 13, "codename": "change_token"}}, {"model": "auth.permission", "pk": 55, "fields": {"name": "Can delete Token", "content_type": 13, "codename": "delete_token"}}, {"model": "auth.permission", "pk": 56, "fields": {"name": "Can view Token", "content_type": 13, "codename": "view_token"}}, {"model": "auth.permission", "pk": 57, "fields": {"name": "Can add token", "content_type": 14, "codename": "add_tokenproxy"}}, {"model": "auth.permission", "pk": 58, "fields": {"name": "Can change token", "content_type": 14, "codename": "change_tokenproxy"}}, {"model": "auth.permission", "pk": 59, "fields": {"name": "Can delete token", "content_type": 14, "codename": "delete_tokenproxy"}}, {"model": "auth.permission", "pk": 60, "fields": {"name": "Can view token", "content_type": 14, "codename": "view_tokenproxy"}}, {"model": "auth.permission", "pk": 61, "fields": {"name": "Can add posts", "content_type": 15, "codename": "add_posts"}}, {"model": "auth.permission", "pk": 62, "fields": {"name": "Can change posts", "content_type": 15, "codename": "change_posts"}}, {"model": "auth.permission", "pk": 63, "fields": {"name": "Can delete posts", "content_type": 15, "codename": "delete_posts"}}, {"model": "auth.permission", "pk": 64, "fields": {"name": "Can view posts", "content_type": 15, "codename": "view_posts"}}, {"model": "auth.permission", "pk": 65, "fields": {"name": "Can add publicacao", "content_type": 15, "codename": "add_publicacao"}}, {"model": "auth.permission", "pk": 66, "fields": {"name": "Can change publicacao", "content_type": 15, "codename": "change_publicacao"}}, {"model": "auth.permission", "pk": 67, "fields": {"name": "Can delete publicacao", "content_type": 15, "codename": "delete_publicacao"}}, {"model": "auth.permission", "pk": 68, "fields": {"name": "Can view publicacao", "content_type": 15, "codename": "view_publicacao"}}, {"model": "auth.permission", "pk": 69, "fields": {"name": "Can add association", "content_type": 16, "codename": "add_association"}}, {"model": "auth.permission", "pk": 70, "fields": {"name": "Can change association", "content_type": 16, "codename": "change_association"}}, {"model": "auth.permission", "pk": 71, "fields": {"name": "Can delete association", "content_type": 16, "codename": "delete_association"}}, {"model": "auth.permission", "pk": 72, "fields": {"name": "Can view association", "content_type": 16, "codename": "view_association"}}, {"model": "auth.permission", "pk": 73, "fields": {"name": "Can add code", "content_type": 17, "codename": "add_code"}}, {"model": "auth.permission", "pk": 74, "fields": {"name": "Can change code", "content_type": 17, "codename": "change_code"}}, {"model": "auth.permission", "pk": 75, "fields": {"name": "Can delete code", "content_type": 17, "codename": "delete_code"}}, {"model": "auth.permission", "pk": 76, "fields": {"name": "Can view code", "content_type": 17, "codename": "view_code"}}, {"model": "auth.permission", "pk": 77, "fields": {"name": "Can add nonce", "content_type": 18, "codename": "add_nonce"}}, {"model": "auth.permission", "pk": 78, "fields": {"name": "Can change nonce", "content_type": 18, "codename": "change_nonce"}}, {"model": "auth.permission", "pk": 79, "fields": {"name": "Can delete nonce", "content_type": 18, "codename": "delete_nonce"}}, {"model": "auth.permission", "pk": 80, "fields": {"name": "Can view nonce", "content_type": 18, "codename": "view_nonce"}}, {"model": "auth.permission", "pk": 81, "fields": {"name": "Can add user social auth", "content_type": 19, "codename": "add_usersocialauth"}}, {"model": "auth.permission", "pk": 82, "fields": {"name": "Can change user social auth", "content_type": 19, "codename": "change_usersocialauth"}}, {"model": "auth.permission", "pk": 83, "fields": {"name": "Can delete user social auth", "content_type": 19, "codename": "delete_usersocialauth"}}, {"model": "auth.permission", "pk": 84, "fields": {"name": "Can view user social auth", "content_type": 19, "codename": "view_usersocialauth"}}, {"model": "auth.permission", "pk": 85, "fields": {"name": "Can add partial", "content_type": 20, "codename": "add_partial"}}, {"model": "auth.permission", "pk": 86, "fields": {"name": "Can change partial", "content_type": 20, "codename": "change_partial"}}, {"model": "auth.permission", "pk": 87, "fields": {"name": "Can delete partial", "content_type": 20, "codename": "delete_partial"}}, {"model": "auth.permission", "pk": 88, "fields": {"name": "Can view partial", "content_type": 20, "codename": "view_partial"}}, {"model": "auth.user", "pk": 1, "fields": {"password": "pbkdf2_sha256$260000$vwZEBv545ZOzGOi3tzdSCf$PBj16oRZfVaKTt/Y49G4+Qkw5WLXP/xjpz+ixF1/b14=", "last_login": "2021-09-20T12:32:59.766Z", "is_superuser": true, "username": "admin", "first_name": "", "last_name": "", "email": "admin@admin.com", "is_staff": true, "is_active": true, "date_joined": "2021-08-14T21:11:27.636Z", "groups": [], "user_permissions": []}}, {"model": "auth.user", "pk": 2, "fields": {"password": "pbkdf2_sha256$260000$NzlPkMMVrOGntRVOli1uak$EiKKReFRijFh9VhggtISqvmao7vutIurSopaA21++LA=", "last_login": "2021-09-14T18:37:08.292Z", "is_superuser": true, "username": "Antonio", "first_name": "Antônio", "last_name": "Lamim", "email": "brunokremer022@gmail.com", "is_staff": true, "is_active": true, "date_joined": "2021-08-14T22:13:25Z", "groups": [], "user_permissions": [1, 2, 3, 4, 9, 10, 11, 12, 5, 6, 7, 8, 13, 14, 15, 16, 17, 18, 19, 20, 25, 26, 27, 28, 21, 22, 23, 24]}}, {"model": "auth.user", "pk": 3, "fields": {"password": "pbkdf2_sha256$260000$49GuuGB9IBYJ9xDXyRHTuU$b5YRuQYOE9BBqlw3bAJxP4Uw8tq7ojIS2+CXMuD/KOs=", "last_login": "2021-08-23T01:28:45Z", "is_superuser": true, "username": "Evanildo", "first_name": "Evanildo", "last_name": "", "email": "", "is_staff": true, "is_active": true, "date_joined": "2021-08-23T01:28:14Z", "groups": [], "user_permissions": [1, 2, 3, 4, 9, 10, 11, 12, 5, 6, 7, 8, 13, 14, 15, 16, 17, 18, 19, 20, 37, 29, 38, 30, 39, 31, 40, 32, 33, 34, 35, 36, 25, 26, 27, 28, 21, 22, 23, 24]}}, {"model": "auth.user", "pk": 4, "fields": {"password": "pbkdf2_sha256$260000$LDqexzcxAgZctdl7B4jXfA$6NKDQ0w+zZeRQfwzNqljg28lghNb1qD1OecfedjQrzU=", "last_login": "2021-08-23T01:29:57Z", "is_superuser": true, "username": "Luan", "first_name": "Luan", "last_name": "Gabriel", "email": "", "is_staff": true, "is_active": true, "date_joined": "2021-08-23T01:29:28Z", "groups": [], "user_permissions": [1, 2, 3, 4, 9, 10, 11, 12, 5, 6, 7, 8, 13, 14, 15, 16, 17, 18, 19, 20, 37, 29, 38, 30, 39, 31, 40, 32, 33, 34, 35, 36, 25, 26, 27, 28, 21, 22, 23, 24]}}, {"model": "auth.user", "pk": 5, "fields": {"password": "pbkdf2_sha256$260000$b6Y4yEUhBg23jvTywZtuP0$mRUzIo3dTeH9YoUNt6B21t1JyZEJJrsYNWW0zMPqm4A=", "last_login": "2021-09-19T00:11:56.701Z", "is_superuser": true, "username": "Jean", "first_name": "Jean", "last_name": "França", "email": "", "is_staff": true, "is_active": true, "date_joined": "2021-08-23T01:31:28Z", "groups": [], "user_permissions": [1, 2, 3, 4, 9, 10, 11, 12, 5, 6, 7, 8, 13, 14, 15, 16, 17, 18, 19, 20, 37, 29, 38, 30, 39, 31, 40, 32, 33, 34, 35, 36, 25, 26, 27, 28, 21, 22, 23, 24]}}, {"model": "auth.user", "pk": 23, "fields": {"password": "pbkdf2_sha256$260000$93h1hHOCjF4rfERumxvBSH$GZcQNdqIGHD558iCyRpbisHcmqIsMiqjaMc1oqsSGh4=", "last_login": "2021-09-24T17:28:03.991Z", "is_superuser": false, "username": "bruno", "first_name": "Bruno", "last_name": "Kremer", "email": "brunokremer022@gmail.com", "is_staff": false, "is_active": true, "date_joined": "2021-09-08T12:13:40Z", "groups": [], "user_permissions": []}}, {"model": "auth.user", "pk": 28, "fields": {"password": "pbkdf2_sha256$260000$5Vv9qzCM3bpaEddYRf3bAC$dP0Ge42QwY+vyxXh6UJiymPZ7VcCQeodKyJvAR8xiKI=", "last_login": "2021-09-16T14:26:43Z", "is_superuser": false, "username": "brunokremer", "first_name": "antonio", "last_name": "lamim", "email": "brunokremer022@gmail.com", "is_staff": false, "is_active": true, "date_joined": "2021-09-16T14:23:32Z", "groups": [], "user_permissions": []}}, {"model": "sessions.session", "pk": "00e2zw597q69xdwlez3u8gd1cc5vfu0r", "fields": {"session_data": ".eJxVjEEOwiAQRe_C2hAKhTIu3fcMZIYBqRqalHZlvLsh6UK3_7333yLgsZdwtLSFhcVVaHH53QjjM9UO-IH1vsq41n1bSHZFnrTJeeX0up3u30HBVnrNoFUyPGVWqFSCyBZRAZNH6wwbyOCIkYwnM06QvR90pJEGR2SdFp8vCb44jw:1mNEEE:ACgnUDH7wmVh8k3eoDEB9SCRiNqg_KUq2NJG4Scj8kk", "expire_date": "2021-09-20T13:00:02.175Z"}}, {"model": "sessions.session", "pk": "0smxjj80w201men2a6istytk7z2rmxhi", "fields": {"session_data": ".eJxVjEEOwiAQRe_C2pDCQCku3XsGMjCDVA0kpV0Z765NutDtf-_9lwi4rSVsnZcwkzgLDeL0O0ZMD647oTvWW5Op1XWZo9wVedAur434eTncv4OCvXxro2OCpK13k_cA2kZtrBmVR3De2WwABxzZRFKUHSumjE4TTQ6B08Di_QHj_zgO:1mTozU:4zVRPB979XA_MVJ2s8bOSVyYaE_es2dY8ySM5yTq44Q", "expire_date": "2021-10-08T17:28:04.161Z"}}, {"model": "sessions.session", "pk": "2cparylpyk20po4djbilcu1kpdzorxgs", "fields": {"session_data": ".eJxVjDsOwjAQBe_iGlk4ZIOXkj5nsPZnHECJFCcV4u4QKQW0b2beyyVal5LWanMa1F0cuMPvxiQPGzegdxpvk5dpXOaB_ab4nVbfT2rP6-7-HRSq5VsjsoEQnAWPp1YRGmLLLQeDnElMNAJ1MTdRWbRDBowShDRKFwMG9_4AGiU5QQ:1mIDDg:wX9wL8NtJjV79GR4N9ZqaxGXz2lW2JFtJF5VgU-WYBc", "expire_date": "2021-09-06T16:54:44.561Z"}}, {"model": "sessions.session", "pk": "4108ypwfas7z5h2lbuq8xs50baxt3ulo", "fields": {"session_data": ".eJxVjDsOwjAQBe_iGlk4ZIOXkj5nsPZnHECJFCcV4u4QKQW0b2beyyVal5LWanMa1F0cuMPvxiQPGzegdxpvk5dpXOaB_ab4nVbfT2rP6-7-HRSq5VsjsoEQnAWPp1YRGmLLLQeDnElMNAJ1MTdRWbRDBowShDRKFwMG9_4AGiU5QQ:1mOQ5g:niy1BeJvXUBTECvC6Hkq4LSGtfEV4QPXy566fiEVZHs", "expire_date": "2021-09-23T19:52:08.339Z"}}, {"model": "sessions.session", "pk": "4900fbva40nl8trdzz8avyykx96zi7nn", "fields": {"session_data": ".eJxVjEEOwiAQAP_C2RAWqCwevfsGsl02UjWQlPZk_Lsh6UGvM5N5q0T7VtLeZU1LVhcF6vTLZuKn1CHyg-q9aW51W5dZj0Qftutby_K6Hu3foFAvYxsAIZMN6MEJR_QeBcDZKODQx8AxnhkzzRMYH8iZCcgyGobosnj1-QKoJTaD:1mHAjk:pSvXOwDWrCEcg6bnpVsSfdZ9FbTaCylpvidDZRDhCIM", "expire_date": "2021-09-03T20:03:32.300Z"}}, {"model": "sessions.session", "pk": "6wm8aczie8kirpl8ltq8tgxidc929vg7", "fields": {"session_data": ".eJxVjEEOwiAQRe_C2pDCQCku3XsGMjCDVA0kpV0Z765NutDtf-_9lwi4rSVsnZcwkzgLDeL0O0ZMD647oTvWW5Op1XWZo9wVedAur434eTncv4OCvXxro2OCpK13k_cA2kZtrBmVR3De2WwABxzZRFKUHSumjE4TTQ6B08Di_QHj_zgO:1mSMpN:_O1EAOtXRJCwpbpf-6AAZUs1gxav5LEpdzh5MVCrmYg", "expire_date": "2021-10-04T17:11:37.093Z"}}, {"model": "sessions.session", "pk": "7xsc26prjht02adndlg40bys2h1mktr6", "fields": {"session_data": ".eJxVjEEOwiAQAP_C2RAWqCwevfsGsl02UjWQlPZk_Lsh6UGvM5N5q0T7VtLeZU1LVhcF6vTLZuKn1CHyg-q9aW51W5dZj0Qftutby_K6Hu3foFAvYxsAIZMN6MEJR_QeBcDZKODQx8AxnhkzzRMYH8iZCcgyGobosnj1-QKoJTaD:1mPmzL:6QaD4m15sDBWeR1JEiC6HwnKohh_zLvUsceJG11tdKU", "expire_date": "2021-09-27T14:31:15.422Z"}}, {"model": "sessions.session", "pk": "96kwf1guvzzl48hhoj6icts7qx98q6se", "fields": {"session_data": ".eJxVjDsOwjAQBe_iGlk4ZIOXkj5nsPZnHECJFCcV4u4QKQW0b2beyyVal5LWanMa1F0cuMPvxiQPGzegdxpvk5dpXOaB_ab4nVbfT2rP6-7-HRSq5VsjsoEQnAWPp1YRGmLLLQeDnElMNAJ1MTdRWbRDBowShDRKFwMG9_4AGiU5QQ:1mIxiW:6FOSJuXifPP1iS7fVBZudyO_cqLHo2i29Xis1iPEBHM", "expire_date": "2021-09-08T18:33:40.469Z"}}, {"model": "sessions.session", "pk": "9qkraitlgo6qhyrh9ykbxljoeb2amura", "fields": {"session_data": ".eJxVjDsOwjAQBe_iGlk4ZIOXkj5nsPZnHECJFCcV4u4QKQW0b2beyyVal5LWanMa1F0cuMPvxiQPGzegdxpvk5dpXOaB_ab4nVbfT2rP6-7-HRSq5VsjsoEQnAWPp1YRGmLLLQeDnElMNAJ1MTdRWbRDBowShDRKFwMG9_4AGiU5QQ:1mPXHV:irGw62IEaJVAPqrkv8iP0wgHEhlY0Q9sCZR9ac1vDC4", "expire_date": "2021-09-26T21:44:57.375Z"}}, {"model": "sessions.session", "pk": "goccnckm8pp0bcwvggy5o5clijh7av21", "fields": {"session_data": ".eJxVjEEOwiAQAP_C2RAWqCwevfsGsl02UjWQlPZk_Lsh6UGvM5N5q0T7VtLeZU1LVhcF6vTLZuKn1CHyg-q9aW51W5dZj0Qftutby_K6Hu3foFAvYxsAIZMN6MEJR_QeBcDZKODQx8AxnhkzzRMYH8iZCcgyGobosnj1-QKoJTaD:1mPHzT:z-79tZcyk0VT-3NbwZ_dyWtBIPKQlDXQDQ9fsoIgoSk", "expire_date": "2021-09-26T05:25:19.217Z"}}, {"model": "sessions.session", "pk": "i24xi21kjojn6sridjuse20jolymgkxi", "fields": {"session_data": ".eJxVjEEOwiAQRe_C2hAKhTIu3fcMZIYBqRqalHZlvLsh6UK3_7333yLgsZdwtLSFhcVVaHH53QjjM9UO-IH1vsq41n1bSHZFnrTJeeX0up3u30HBVnrNoFUyPGVWqFSCyBZRAZNH6wwbyOCIkYwnM06QvR90pJEGR2SdFp8vCb44jw:1mQDIq:up3G0ABGk3QtqtQxPJiWuvcRM2GRwlJaRnzOj-4G6fU", "expire_date": "2021-09-28T18:37:08.407Z"}}, {"model": "sessions.session", "pk": "j694wzd1f2lq76keytfps1hm65pwz6et", "fields": {"session_data": ".eJxVjEEOwiAQRe_C2pDCQCku3XsGMjCDVA0kpV0Z765NutDtf-_9lwi4rSVsnZcwkzgLDeL0O0ZMD647oTvWW5Op1XWZo9wVedAur434eTncv4OCvXxro2OCpK13k_cA2kZtrBmVR3De2WwABxzZRFKUHSumjE4TTQ6B08Di_QHj_zgO:1mQsQO:8RuOS1KZt3RMNJZYltP-eU5520pG_1_1ByhTLdFTVP8", "expire_date": "2021-09-30T14:31:40.048Z"}}, {"model": "sessions.session", "pk": "mah6u6jwjauk44ebmujl5ygz3syfs6fh", "fields": {"session_data": ".eJxVjDsOwjAQBe_iGlk4ZIOXkj5nsPZnHECJFCcV4u4QKQW0b2beyyVal5LWanMa1F0cuMPvxiQPGzegdxpvk5dpXOaB_ab4nVbfT2rP6-7-HRSq5VsjsoEQnAWPp1YRGmLLLQeDnElMNAJ1MTdRWbRDBowShDRKFwMG9_4AGiU5QQ:1mNCh1:_zdxebWTSW14Mon87qXEj2rE2BEnakNuuhWWhsTuvxI", "expire_date": "2021-09-20T11:21:39.981Z"}}, {"model": "sessions.session", "pk": "nvlqvfgg8lk7ppawex57nnnpr416i37p", "fields": {"session_data": ".eJxVjEEOwiAQRe_C2hAKhTIu3fcMZIYBqRqalHZlvLsh6UK3_7333yLgsZdwtLSFhcVVaHH53QjjM9UO-IH1vsq41n1bSHZFnrTJeeX0up3u30HBVnrNoFUyPGVWqFSCyBZRAZNH6wwbyOCIkYwnM06QvR90pJEGR2SdFp8vCb44jw:1mIvo8:WFVFsC1hKB5R7_YtrUw3zClSc5MGtNaU0qBkFIMzqAg", "expire_date": "2021-09-08T16:31:20.948Z"}}, {"model": "sessions.session", "pk": "rj7mojwsmt0lv8ib1zbskptnt175xzx7", "fields": {"session_data": ".eJxVjEEOwiAQRe_C2hAKhTIu3fcMZIYBqRqalHZlvLsh6UK3_7333yLgsZdwtLSFhcVVaHH53QjjM9UO-IH1vsq41n1bSHZFnrTJeeX0up3u30HBVnrNoFUyPGVWqFSCyBZRAZNH6wwbyOCIkYwnM06QvR90pJEGR2SdFp8vCb44jw:1mHyHq:nsPQ4285Wvtoon90ZnobOEalv-1JpxTPGqfazYaCv-Q", "expire_date": "2021-09-06T00:58:02.124Z"}}, {"model": "sessions.session", "pk": "sp47rfqfucojvzpioqxtahhhfkmq72m0", "fields": {"session_data": ".eJxVjEEOwiAQAP_C2RAWqCwevfsGsl02UjWQlPZk_Lsh6UGvM5N5q0T7VtLeZU1LVhcF6vTLZuKn1CHyg-q9aW51W5dZj0Qftutby_K6Hu3foFAvYxsAIZMN6MEJR_QeBcDZKODQx8AxnhkzzRMYH8iZCcgyGobosnj1-QKoJTaD:1mNfKl:8xWvz-j5zLC0xCTuoBjUOniILFT9Fjh_EAbH-qmE5qc", "expire_date": "2021-09-21T17:56:35.633Z"}}, {"model": "sessions.session", "pk": "sw8n026a7ggfgekhe8cu6wa3x04hnaot", "fields": {"session_data": ".eJxVjEEOwiAQRe_C2pDCQCku3XsGMjCDVA0kpV0Z765NutDtf-_9lwi4rSVsnZcwkzgLDeL0O0ZMD647oTvWW5Op1XWZo9wVedAur434eTncv4OCvXxro2OCpK13k_cA2kZtrBmVR3De2WwABxzZRFKUHSumjE4TTQ6B08Di_QHj_zgO:1mSIfx:lOIrm7eXsVNY5CL1kp1XBWhcts6BX5XinyxhTq0dxXE", "expire_date": "2021-10-04T12:45:37.518Z"}}, {"model": "sessions.session", "pk": "t22awin7gy489yswivkarardiqr5saik", "fields": {"session_data": ".eJxVjEEOwiAQAP_C2RAWqCwevfsGsl02UjWQlPZk_Lsh6UGvM5N5q0T7VtLeZU1LVhcF6vTLZuKn1CHyg-q9aW51W5dZj0Qftutby_K6Hu3foFAvYxsAIZMN6MEJR_QeBcDZKODQx8AxnhkzzRMYH8iZCcgyGobosnj1-QKoJTaD:1mRHX0:ipPFxPLQded_g3ZREcqYZ839Lzj1mwlryX8sT1Hdaz8", "expire_date": "2021-10-01T17:20:10.391Z"}}, {"model": "sessions.session", "pk": "ujohrif9ku7cbpwoko9rvycsxr2bixmg", "fields": {"session_data": ".eJxVjDsOwjAQBe_iGlk4ZIOXkj5nsPZnHECJFCcV4u4QKQW0b2beyyVal5LWanMa1F0cuMPvxiQPGzegdxpvk5dpXOaB_ab4nVbfT2rP6-7-HRSq5VsjsoEQnAWPp1YRGmLLLQeDnElMNAJ1MTdRWbRDBowShDRKFwMG9_4AGiU5QQ:1mJL3y:a1M_9gwLu8yLQ12kJwRZlo2UL-VjITEw_RouM9lY0GU", "expire_date": "2021-09-09T19:29:22.738Z"}}, {"model": "sessions.session", "pk": "w6ckahszekysqmuwc6ujw80xnb1sqfhu", "fields": {"session_data": ".eJxVjEEOwiAQRe_C2hAKhTIu3fcMZIYBqRqalHZlvLsh6UK3_7333yLgsZdwtLSFhcVVaHH53QjjM9UO-IH1vsq41n1bSHZFnrTJeeX0up3u30HBVnrNoFUyPGVWqFSCyBZRAZNH6wwbyOCIkYwnM06QvR90pJEGR2SdFp8vCb44jw:1mO3MJ:Yw5UZZcfPjFWvPgG1Mzr-O_UkVl8yqVBhUrEJZGRA9U", "expire_date": "2021-09-22T19:35:47.988Z"}}, {"model": "main.categoria", "pk": 1, "fields": {"categoria": "Python"}}, {"model": "main.categoria", "pk": 2, "fields": {"categoria": "HTML"}}, {"model": "main.categoria", "pk": 3, "fields": {"categoria": "CSS"}}, {"model": "main.categoria", "pk": 4, "fields": {"categoria": "JavaScript"}}, {"model": "main.categoria", "pk": 5, "fields": {"categoria": "Django"}}, {"model": "main.categoria", "pk": 6, "fields": {"categoria": "Java"}}, {"model": "main.categoria", "pk": 8, "fields": {"categoria": "Geral"}}, {"model": "main.post", "pk": 2, "fields": {"titulo": "Desenvolvimento web em camadas com API", "subtitulo": "Entenda mais sobre camadas na web e organize seu código", "conteúdo": "Entenda mais sobre camadas na web e organize seu código.\r\n\r\n\r\nMuitos programadores web iniciam suas carreiras desenvolvendo websites e aplicações web como se fosse uma “brincadeira”, simplesmente pelo fato de serem fascinados por tecnologia e terem curiosidade no assunto. Entre noites em claro, buscas incessantes por respostas e muita persistência, são impactados pelo retorno “Success”, uma mensagem magnífica para quem após centenas de tentativas em milhares de linhas de código conseguiu atingir o resultado tão esperado. Mas, você organizou do jeito certo? Você não vai querer ler tudo novamente para realizar manutenções.\r\nPensando nisso resolvi explicar de maneira rápida e didática as três camadas web e uma breve explicação sobre API. Esse conteúdo proporcionará que seu código fique mais organizado, além disso, você vai poder otimizar seu tempo conquistando melhores resultados, dessa forma, quando precisar fazer manutenção achará tudo o que precisar.\r\n1. HTML - Primeira Camada\r\nHypertext Markup Language, em português: Linguagem de Marcação de Hipertexto\r\nÉ a linguagem base da internet criada para estruturar e organizar os conteúdos de sua página e foi desenvolvido para ser de fácil entendimento por todos, incluindo pessoas e máquinas. Utilize nomear seus arquivos de acordo com o conteúdo e que realmente exista neles, exemplo: Se a página mostra sobre projetos, que tal: projetos.html\r\n2. CSS - Segunda Camada\r\nCascading Style Sheets, em português Folha de Estilos em Cascata\r\nPelo nome já podemos identificar que é basicamente uma linguagem de regras de estilo que tem como objetivo alterar a forma visual do HTML, deixando sua página visualmente mais atrativa. Muitos utilizam o CSS diretamente no HTML. Porém, para melhorar a organização, deve ser a nossa segunda chamada. Além disso, ela deve estar dentro do HTML entre a tag HEAD, por exemplo:\r\n<head>\r\n    <link rel= stylesheet\" href=”caminho-do-seu-arquivo.css\">\r\n</head>\r\nDica: Existem inúmeras estilizações que você pode aplicar ao seu HTML, pesquise um pouco no Google sobre CSS/CSS3 ou “Como estilizar minha página com CSS”, você encontrará uma gama de resultados que lhe ajudarão. Utilize suas estilizações a classes e ids de maneira que possa utilizá-los diversas vezes, otimizando seu código e reduzindo suas linhas.\r\n3.JavaScript - Terceira Camada\r\nÉ uma linguagem de interpretação que nos permite manipular elementos. Atualmente a maior parte das aplicações web usufruem dele para gerar interações dinâmicas com o cliente, como por exemplo ao clicar em um botão, a informação que antes estava oculta, agora pode aparecer sem precisar recarregar a página. E para você adicionar essa terceira camada ao nosso arquivo HTML utilize a tag:\r\n<script src=\"caminho-do-seu-arquivo.js\"></script>\r\nDica: Existem diversas bibliotecas, tais como Ajax e Jquery que nos possibilitam realizar ações de maneira mais fácil e nos conectar com a nossa quarta camada, a API.\r\n4.API\r\nAcrônimo de Application Programming Interface, em português Interface de Programação de Aplicativos\r\nNada mais é que um “cérebro”. Responsável por gerar resultados para determinada requisição que pode ser desenvolvida em diversas linguagens. Na maioria das vezes possui comunicação a bancos de dados com o objetivo de responder prontamente as solicitações feitas. Como por exemplo quando realizamos um login, informamos nosso e-mail e senha para a API decidir se os dados estão corretos e você pode ou não acessar aquele conteúdo.\r\nDica: Procure no google “Como realizar uma consulta MYSQL utilizando Ajax e PHP” e continue aprendendo.\r\nOrganizando as camadas e API\r\n\r\n1 - Crie uma pasta para colocar seus arquivos, exemplo: meu projeto\r\n2 - Dentro dela crie as pastas: css, js, apis\r\n3 - Dentro de cada pasta coloque o arquivo que se refere a explicação acima:\r\nNa pasta css, coloque o arquivo caminho-do-seu-arquivo.css. Na pasta js, coloque o arquivo caminho-do-seu-arquivo.js. Em apis, coloque o arquivo que será responsável por responder suas requisições.\r\n\r\nCréditos: Tableless.com.br", "criado_por": 5, "criado_em": "2021-08-23", "foto": "static/img/geral_0UCKbSB.jpg", "categoria": [8]}}, {"model": "main.post", "pk": 3, "fields": {"titulo": "O que é Programação e qual a sua importância para o futuro digital?", "subtitulo": "Com o avanço das tecnologias digitais, a palavra programação chega as rodas de conversa com um significado que já é antigo, mas que vem sendo discutido cada vez mais nos dias atuais. A palavra não se trata mais apenas do planejamento que você faz para as férias ou do rumo que dá ao dinheiro que sobra no final do mês, mas vai muito, muito além disso.", "conteúdo": "Além disso, a programação consiste em uma das ferramentas mais fundamentais para o desenvolvimento das tecnologias da informação. Foi o avanço da programação que possibilitou a existência de uma série de tecnologias, praticamente indispensáveis em nosso cotidiano nos dias atuais, como os Smartfones, e que elas chegassem aos níveis modernos, práticos e visualmente atrativos de hoje em dia.\r\n\r\nQualquer programa ou aplicativo foi programado por alguém, desde o despertador que você usa no seu celular (nesse caso, utiliza-se a programação mobile) até um complexo editor gráfico utilizado por profissionais (programação de computadores).\r\n\r\nA programação também pode estender-se à web (programação web) onde o intuito é gerar instruções para determinar o comportamento de sites, portais, aplicações, fóruns e tudo que pode ser encontrado no ambiente web.\r\n\r\nA programação, tal qual é atualmente, toma conta de todos os aparelhos tecnológicos utilizadas em diversas esferas sociais, da mobilidade urbana a aplicações médicas, tudo acaba envolve as tecnologias da informação e consequentemente a programação, que é e será por um bom tempo ainda essencial para o avanço dessas tecnologias e também para a utilização delas.\r\n\r\nCom isso, as habilidades necessárias para que uma pessoa consiga programar se tornam indispensáveis na formação de crianças e jovens que consigam estar inseridos no cotidiano cada vez mais digital que vem surgindo e também para que alcancem a posição futura de profissionais bem sucedidos na era da indústria 4.0.\r\n\r\nCréditos: idocode.com.br", "criado_por": 2, "criado_em": "2021-08-24", "foto": "static/img/geral_68QpY7d.jpg", "categoria": [1, 2, 3, 4, 5, 6, 8]}}, {"model": "main.post", "pk": 4, "fields": {"titulo": "Explorando o método bind em JavaScript Conhecendo o método bind e seus benefícios.", "subtitulo": "Conhecendo o método bind e seus benefícios.", "conteúdo": "Introdução\r\nO principal objetivo do método bind é alterar o contexto this de uma função independente de onde a mesma esteja sendo chamada.\r\n\r\nÉ muito comum, ocorrer a transformação do this conforme são efetuadas novas chamadas de métodos, e que seja esperado um determinado valor para nosso contexto this, porém nos deparamos com um this muitas vezes inesperado ou undefined.\r\n\r\nDescobrindo o contexto this\r\nUm dos erros mais comuns quando não temos conhecimento do método bind é a tentativa de executar métodos com contextos inicialmente inválidos. Confira o exemplo a seguir:\r\n\r\nfunction cook() {\r\n  console.log(this.ingredients);\r\n}\r\ncook(); // => undefined\r\nNo caso que executado acima, obtemos o valor undefined pelo fato que this não recebeu uma propriedade ingredients.\r\n\r\nAbordando o contexto correto\r\nComo visualizamos no exemplo anterior, a função esperava um contexto this com a propriedade ingredients, porém não recebeu o contexto undefined ou inválido, desta forma vamos obter um resultado inválido em relação ao método cook. Confira a seguir a forma correta:\r\n\r\nfunction cook() {\r\n  console.log(this.ingredients);\r\n}\r\n\r\nlet dinner = {\r\n  ingredients: 'bacon'\r\n}\r\nlet cookBoundToDinner = cook.bind(dinner);\r\ncookBoundToDinner(); // => \"bacon\"\r\nVocê pode perceber no exemplo anterior que criamos o objeto dinner onde estamos setando a propriedade ingredients: 'bacon, e na sequência chamamos a função cook utilizando o método bind com o parâmetro dinner que será o seu novo contexto this.\r\n\r\nConhecendo outras formas sem o uso do bind\r\nAgora que conhecemos como trabalhar com o método bind, vamos efetuar a atividade anterior, porém sem a necessidade do método bind. Veja o exemplo a seguir:\r\n\r\nlet cook = function() {\r\n  console.log(this.ingredients);\r\n}\r\n\r\nlet dinner = {\r\n  cookDinner: cook,\r\n  ingredients: 'bacon'\r\n}\r\ndinner.cookDinner(); // => \"bacon\"\r\n\r\nlet lunch = {\r\n  cookLunch: cook,\r\n  ingredients: 'salad'\r\n}\r\nlunch.cookLunch(); // => \"salad\"\r\nNos dois exemplos anteriores estamos utilizando o método cook, tanto no objeto lunch quanto no dinner. Sendo que a função esteja no mesmo contexto, ela vai utilizar a propriedade disponível que se encaixa à sua necessidade que no caso é ingredients na qual retornou ao executar a função.\r\n\r\nAtribuindo métodos em seu contexto this\r\nVocê não está limitado a atribuir apenas valores em suas propriedades, pode também utilizar métodos como propriedades. Confira a seguir:\r\n\r\nlet calc = function() {\r\n  return {\r\n    sum: this.sum,\r\n    mult: this.mult,\r\n    div: this.div,\r\n  }\r\n}\r\n\r\nlet methods = {\r\n  sum: function(x, y) {\r\n    return x + y;\r\n  },\r\n  mult: function(x, y) {\r\n    return x * y;\r\n  },\r\n  div: function(x, y) {\r\n    return x / y;\r\n  }\r\n}\r\ncalcBound = calc.bind(methods);\r\n\r\nconsole.log(calcBound().sum(2,2)); // => 4\r\nconsole.log(calcBound().mult(2,3)); // => 6\r\nconsole.log(calcBound().div(6,3)); // => 2\r\nNeste exemplo foi utilizado o higher-order function onde são passadas funções como parâmetros para o contexto this, sendo estes os métodos sum, mult e div.\r\n\r\nConclusão\r\nCom os exemplos acima pode-se observar como o método bind facilita a execução das atividades ao trabalhar com contextos this em diferentes métodos.\r\n\r\ncreditos: tableless", "criado_por": 3, "criado_em": "2021-08-09", "foto": "static/img/javascript_FPTLHhM.jpg", "categoria": [4]}}, {"model": "main.post", "pk": 5, "fields": {"titulo": "Carrossel descomplicado com HTML, CSS", "subtitulo": "Não é difícil perceber que muitos desenvolvedores tanto iniciantes como os veteranos de guerra ainda sofrem quando o assunto é carrossel, mesmo utilizando frameworks como BootStrap. Mas seus problemas acabaram! (música de chegada milagrosa), com o conhecimento de poucas técnicas podemos resolver esse “gigante” problema facilmente.", "conteúdo": "Para resolver o grande problema de transição do carrossel, vamos utilizar a pseudo classe :target, que atribui algumas características do CSS para o elemento HTML.\r\nPara quem ainda não conhece a pseudo classe “:target” aqui vai um exemplo bem alto explicativo.\r\nHTML\r\n\r\n<a href=\"#texto-exemplo-1\">Seleciona o texto exemplo 1</a>\r\n<a href=\"#texto-exemplo-2\">Seleciona o texto exemplo 2</a>\r\n\r\n<p id=\"texto-exemplo-1\" class=\"text\" >Texto exemplo 1</p>\r\n<p id=\"texto-exemplo-2\" class=\"text\" >Texto exemplo 2</p>\r\nCSS\r\n.text:target{\r\n    border: 1px solid #000;\r\n\r\nEstrutura HTML\r\n\r\nA estrutura que iremos utilizar também é bem simples. Primeiramente uma DIV como “container” que é onde irá acontecer o carrossel, também utilizaremos outras DIVs que chamaremos de “wall-x” onde x é o valor da DIV no carrossel.\r\nMão na massa\r\nVamos começar pelo HTML definindo a estrutura do nosso carrossel.\r\n\r\n<div class=\"container\">\r\n    <div class=\"wall wall-1\" id=\"wall-1\">\r\n        <h1>carrosel numero - 1</h1>\r\n    </div>\r\n\r\n    <div class=\"wall wall-2\" id=\"wall-2\">\r\n        <h1>carrosel numero - 2</h1>\r\n    </div>\r\n\r\n    <div class=\"wall wall-3\" id=\"wall-3\">\r\n        <h1>carrosel numero - 3</h1>\r\n    </div>\r\n</div>\r\n\r\nTerminado a estrutura, devemos deixar todas as DIVs wall com “display: none;” ( sim, todas! ) para não serem listadas de uma vez.\r\n\r\n.container{\r\n    width: 150px;\r\n    height: 150px;\r\n}\r\n\r\n.wall{\r\n    display: none;\r\n    width: 100%;\r\n    height: 100%;\r\n}\r\n\r\n/* Corzinha de fundo para diferenciar */\r\n.wall-1{ background-color: #f00; }\r\n.wall-2{ background-color: #0f0; }\r\n.wall-3{ background-color: #00f; }\r\n\r\n.wall:target{\r\n    display: block;\r\n}\r\n\r\nExplicando…\r\nBasicamente, definimos o tamanho do “container”. Deixamos todas as DIVs “wall” com “display: none;” e definimos que todo “target” terá o “display: block;”. Se nada estiver aparecendo na sua tela, não se assuste, tudo está funcionando, o que acontece é que você não tem nem um “target” definido, mas você pode fazer um teste adicionando “#wall-1” na sua url.\r\nOk, já temos 90% do carrossel pronto. Para finalizarmos o carrossel precisamos adicionar as setas (ou botões como preferir) para fazer a transição de uma tela para outra, e é ai que vem a outra parte fácil. A unica coisa que precisamos fazer é adicionar links que setam para o target anterior ou seguinte, neste caso, se você estiver no “#wall-2” o anterior seria “#wall-1” e o seguinte “#wall-3” (precisava explicar?).\r\n\r\n<div class=\"container\">\r\n    <div class=\"wall wall-1\" id=\"wall-1\">\r\n        <a href=\"#wall-3\">Voltar</a>\r\n        <h1>carrosel numero - 1</h1>\r\n        <a href=\"#wall-2\">Avançar</a>\r\n    </div>\r\n\r\n    <div class=\"wall wall-2\" id=\"wall-2\">\r\n        <a href=\"#wall-1\">Voltar</a>\r\n        <h1>carrosel numero - 2</h1>\r\n        <a href=\"#wall-3\">Avançar</a>\r\n    </div>\r\n\r\n    <div class=\"wall wall-3\" id=\"wall-3\">\r\n        <a href=\"#wall-2\">Voltar</a>\r\n        <h1>carrosel numero - 3</h1>\r\n        <a href=\"#wall-1\">Avançar</a>\r\n    </div>\r\n</div>\r\n\r\nPara facilitar a exibição do primeiro target (sem ter que criar um link personalizado) você pode simplesmente colocar uma linha de javascript para todo o carrossel ficar ativa 😉\r\nwindow.location = \"#wall-1\";\r\n\r\nPronto! Uma maneira muito simples para resolver um grande problema.\r\nPossível problema que você poderá encontrar\r\nCaso você esteja utilizando algum link com target “#” para executar alguma ação, o “#wall-x” que está sendo setado perderá o foco, e logicamente terá a atribuição “display: none;” retomada. Neste caso é recomendável que não utilize targets na mesma pagina do carrossel e substitua os links “#” por funções onclick via JavaScript ou JQuery.", "criado_por": 4, "criado_em": "2021-08-06", "foto": "static/img/css_OzvhEFB.jpg", "categoria": [2, 3]}}, {"model": "main.post", "pk": 6, "fields": {"titulo": "O que é um desenvolvedor Java", "subtitulo": "O desenvolvedor Java é um profissional capacitado para desenvolver e implementar sistemas e aplicações usando a linguagem Java. Além disso, suas atribuições são analisar, testar e corrigir programas que já foram desenvolvidos.", "conteúdo": "Como o mercado de tecnologia varia muito conforme a localização e o próprio segmento de atuação da empresa, muitas vezes o desenvolvedor Java vai se deparar com situações complexas.\r\n\r\nSabendo disso, é fundamental entender o conceito por trás da atividade realizada. Entender seus princípios, o motivo de cada código e as teorias.\r\nDe acordo com a Oracle, em 2016 haviam 9 milhões de pessoas programando em Java no mundo. Esse número aumentou muito até os dias de hoje, mesmo com novas tecnologias tomando espaço dessa linguagem.\r\nNesse sentido, um desenvolvedor Java pode aplicar seus conhecimentos em diversas áreas, não se limitando a um tipo de sistema ou software.\r\nAplicações Web\r\nSendo uma das vertentes que mais evolui, Java está em praticamente todas as aplicações Web. O profissional que escolher essa área lidará com a criação de páginas web interativas, conteúdo dinâmico e outros.\r\nAs principais ferramentas de um desenvolvedor Java são os frameworks. No caso de aplicações web, o Spring Framework é o mais conhecido e que traz mais funcionalidades, como o Spring Boot.\r\n\r\nDesenvolvimento Mobile\r\n\r\nDe acordo com a Digitalks, estudo de 2017 mostra que o acesso à internet foi feito 80% através de dispositivos Mobile. É um mercado que está ascendendo e que merece mais atenção.\r\nUm desenvolvedor Java será responsável por desenvolver e manter uma aplicação para celulares e demais dispositivos móveis.\r\nAs plataformas Android, iOS e Windows Phone são desenvolvidas com Java, o que demanda um profissional com amplo conhecimento sobre as \r\nespecificações, características e funções de cada sistema operacional.\r\n\r\nO que é preciso para ser um desenvolvedor Java\r\n\r\nPara se dar bem nessa tecnologia, existem algumas coisas que o desenvolvedor precisa saber para guiar seus conhecimentos.\r\nO Java passou por diversas mudanças desde que foi lançado, em 1995. Um dos orgulhos da comunidade é que o JVM (máquina virtual Java) de hoje ainda consegue ler e interpretar os códigos daquela época.\r\nTodas essas mudanças foram trazendo novas funcionalidades tanto na linguagem, quanto na JVM, assim como alguns frameworks foram surgindo. Hoje, o Java possui diversas frentes e caminhos a seguir, por isso o profissional precisa se especializar.\r\nNesse sentido, o desenvolvedor Java que quer se destacar na carreira precisa se manter atualizado. Uma das grandes vantagens que um dev pode ter frente aos outros profissionais é a possibilidade de obter certificações nessa linguagem. Veja qual é a mais adequada para o seu caso e saiba mais!\r\nDepois de aprender a linguagem, entender a sintaxe e como uma linguagem voltada a objetos funciona, qual o próximo passo?\r\nJava Spring Framework\r\nMinha recomendação é começar com o Spring. Ele é muito mais direto para os iniciantes. Se é seu primeiro contato com programação web, a única coisa diferente é aprender sobre o Maven.\r\nNo seu universo de possibilidades, o Spring é um facilitador. Nesse sentido, esse framework traz diversos módulos e projetos que resolvem problemas da linguagem Java.\r\nDentro do spring Framework, o principal módulo é o Spring Boot! Ele agiliza o trabalho do desenvolvedor e levá-lo ao desenvolvimento puro, sem perder tempo com configurações iniciais.\r\n\r\nDesenvolvendo com Java EE\r\n\r\nAssim como o Spring Framework, o Java EE é uma ferramenta que veio para facilitar o uso do Java e sua paltaforma. Em resumo, impôs especificações de soluções para o desenvolvimento de software.\r\nComo surgiram apenas especificações, houve a necessidade de implementação. Com isso, surgiram alguns nomes famosos como GlassFish, JBoss que foi renomeada para Wildfly e as implementações da Apache.\r\nO Java EE (Enterprise Edition) chegou antes que o Spring, porém muitas das funcionalidades do EE não eram suficientes ou não performavam da maneira com o desenvolvedor Java gostaria.\r\nO Spring resolveu todos esses problemas e se consolidou como a melhor ferramenta. Mas então por que o Java EE está sendo mencionado?\r\nNa parte de acesso ao banco de dados, a tecnologia padrão do mercado é a JPA (Java Persistence API), que faz parte do Java EE. Por estar bem resolvido aqui, o Spring não abordou essa frente.\r\nPor isso, ficamos com essas duas frentes para resolver problemas diferentes.\r\n\r\nFront-End vs. Back-End\r\n\r\nO forte de um desenvolvedor Java é atuar no back-end. É óbvio, foi para isso que ele estudou. Mas em muitos momentos, será necessário conhecimentos sobre o front-end para implementação.\r\nVou dar um exemplo: O trabalho consiste em uma aplicação monolítica no estilo model and view. Dentro dessa aplicação há os models, os servers e também há a busca de dados dentro do banco para agregar na página.\r\nO desenvolvedor Java precisa ter noção e saber o que é HTML, CSS e JavaScript, pois será ele que terá que obter esses dados do banco e irá renderizar esses objetos para a tela/view que o cliente final terá acesso.\r\nMuitas vezes, será necessário conhecimento para fazer esse gerenciamento utilizando os templates como thymeleaf ou JSP, que é mais antigo.\r\nEsse exemplo é importante para ilustrar como as duas frentes estão ligadas e que o desenvolvedor Java, hora ou outra, terá acesso às telas para implementar uma nova feature ou para corrigir bugs do sistema em produção.\r\n\r\nQuanto ganha um Desenvolvedor Java\r\n\r\nPor se tratar de uma linguagem muito popular, presente no back-end de empresas como o Google, Youtube, Supercell e até mesmo Minecraft, o desenvolvedor Java é muito valorizado, com salários na média de R$ 4.536, de acordo com a Glassdoor.\r\nPara profissionais nível júnior, a média é R$ 2.360 e para o nível sênior, o valor supera a casa dos R$ 6.500.\r\nEsses valores tendem a ser um pouco mais altos em capitais como São Paulo, Rio de Janeiro e Belo Horizonte, que possuem polos de desenvolvimento mais maduros.\r\nAssim como em outras áreas, quanto mais conhecimento o profissional trouxer para dentro da empresa, mais remunerado ele será. Por isso, vale ressaltar que os frameworks extras (.js) que o desenvolvedor Java dominar serão diferenciais.\r\n\r\nQuanto tempo leva para aprender a programar Java\r\n\r\nO tempo de aprendizado para se tornar um desenvolvedor Java depende. Podemos partir de 2 pontos: o profissional já trabalha com programação e deseja mudar para o Java ou não possui experiência nenhuma com programação e escolheu Java como sua primeira linguagem.\r\nComeçamos pelo ponto que não possui experiência: Em primeiro lugar, quem quer aprender a programar não deve iniciar por uma linguagem específica. O primeiro passo é realmente aprender lógica de programação.\r\nCom dedicação, em 2 ou 3 meses é possível dominar lógica e fundamentos de Java.\r\nAlém disso, orientação a objetos, conceitos mais aprofundados, banco de dados… são diversas áreas que é preciso dominar para se chamar de um desenvolvedor Java. Estima-se cerca de 1 ano para iniciar o desenvolvimento de softwares e sistemas com todos os componentes necessários.\r\n\r\nCréditos: GeekBlog", "criado_por": 5, "criado_em": "2021-08-30", "foto": "static/img/Java_LV1mKex.jpeg", "categoria": [6]}}, {"model": "main.post", "pk": 7, "fields": {"titulo": "Estruturas de repetição em Python", "subtitulo": "As linguagens de programação normalmente suportam tanto estruturas condicionais como também os chamados laços de repetição, estruturas que permitem a execução de instruções repetidas vezes, até que uma condição seja atingida. Neste artigo, veremos como funcionam e como utilizar as estruturas de controle por repetição em Python: FOR e WHILE. Loops com FOR e WHILE", "conteúdo": "Em algumas situações, é comum que uma mesma instrução (ou conjunto delas) precise ser executada várias vezes seguidas. Nesses casos, normalmente utilizamos um loop (ou laço de repetição), que permite executar um bloco de código repetidas vezes, enquanto uma dada condição é atendida.\r\n\r\nEm Python, os loops são codificados por meio dos comandos for e while. O primeiro nos permite percorrer os itens de uma coleção e, para cada um deles, executar um bloco de código. Já o while, executa um conjunto de instruções várias vezes enquanto uma condição é atendida.\r\nNa Listagem 1 temos um exemplo de uso do comando for.\r\n\r\nnomes = ['Pedro', 'João', 'Leticia']\r\nfor n in nomes:\r\n    print(n)\r\n\r\nListagem 1. Comando for\r\n\r\nA variável definida na linha 1 é uma lista inicializada com uma sequência de valores do tipo string. A instrução for percorre todos esses elementos, um por vez e, em cada caso, atribui o valor do item à variável n, que é impressa em seguida. O resultado, então, é a impressão de todos os nomes contidos na lista.\r\n\r\nO comando while, por sua vez, faz com que um conjunto de instruções seja executado enquanto uma condição for atendida. Quando o resultado passa a ser falso, a execução é interrompida, saindo do loop, e passa para o próximo bloco.\r\nNa Listagem 2 a seguir, vemos um exemplo de uso do laço while, onde definimos a variável contador, iniciando com 0, e enquanto seu valor for menor que 5, executamos as instruções das linhas 3 e 4.\r\n\r\ncontador = 0\r\nwhile contador < 5:\r\n    print(contador)\r\n    contador = contador + 1\r\n\r\nListagem 2. Uso do While\r\n\r\nObserve que na linha 4 incrementamos a variável contador, de forma que em algum momento seu valor igual a 5. Quando isso for verificado na linha 2, o laço será interrompido. Caso a condição de parada nunca seja atingida, o loop será executado infinitamente, gerando problemas no programa..", "criado_por": 5, "criado_em": "2021-05-27", "foto": "static/img/python_s7bPOBp.jpg", "categoria": [1]}}, {"model": "main.post", "pk": 8, "fields": {"titulo": "Carreira de programador: conheça as áreas de atuação e como se destacar no mercado", "subtitulo": "O mercado de TI é rico em oportunidades, mas também muito competitivo. Saiba mais sobre as possibilidades da carreira de programador e as melhores dicas para você trilhar um caminho de sucesso!", "conteúdo": "mercado de TI é rico em oportunidades, mas também muito competitivo. Saiba mais sobre as possibilidades da carreira de programador e as melhores dicas para você trilhar um caminho de sucesso!\r\nDentro do mercado de tecnologia da informação, a carreira de programador ou desenvolvedor é uma das mais comuns e promissoras, isso porque existem diversas áreas de atuação e demandas em quase todos os segmentos. \r\nSe você trabalha ou está pensando seguir nessa área, nós vamos tirar todas as suas dúvidas e te ajudar a se diferenciar da concorrência, se tornando o programador que toda empresa gostaria de ter entre os colaboradores.\r\n\r\nO que faz uma carreira de programador?\r\nO programador é o responsável pelo desenvolvimento, codificação e manutenção de diferentes tipos de softwares, como programas, websites, aplicativos e sistemas. Em geral, seu objetivo é implementar ou aprimorar soluções e, para isso, utiliza dados, raciocínio lógico e uma ou mais linguagens de programação.\r\n\r\nAlém da possibilidade de atuar em software houses e de forma autônoma, o programador também possui oportunidades em empresas que possuam um departamento de TI ou uma demanda nesse sentido, independente do segmento.\r\nSobre as linguagens de programação\r\nSem dúvidas, o conhecimento em linguagens de programação é uma habilidade técnica essencial para o desenvolvedor, pois elas são as ferramentas que permitem que ele compreenda e estruture os comandos e características dos softwares.\r\n\r\nPorém, dentro dessa certeza existem diferentes possibilidades, afinal existem diversas linguagens, com sintaxes e aplicações específicas. Para ser um programador não é preciso conhecer todas as linguagens disponíveis e a melhor opção para aprender e/ou utilizar depende muito do seu objetivo. Dentre as mais utilizadas no mercado podemos citar JavaScript, Java, C, C# C++, PHP e Python.\r\nÁreas de atuação\r\nA carreira de programador tem diferentes caminhos, veja alguns logo abaixo. | Image: Unplash\r\nAs possíveis áreas de atuação do programador são muitas. Confira as principais que você pode seguir na sua carreira:\r\nDesktop\r\nUm programador desktop lidará com o desenvolvimento de software ou aplicações executáveis em um computador ou uma rede de computadores, a partir de um sistema operacional, como Linux, Windows ou MAC.\r\nWeb\r\nO programador ou desenvolvedor web trabalha na programação de páginas online, planejando, estruturando e garantindo o bom funcionamento de sites ou web applications. É possível especificar a atuação de um desenvolvedor web, a partir do seu foco de programação, entre duas áreas: \r\n    • Front-end, que desenvolve focado na interface do website ou aplicação, pensando nas melhores escolhas visuais para a experiência do usuário;\r\n    • Back-end, que lida com a programação do servidor, dos sistemas de dados e integração e tudo mais que envolve o desempenho da página, mas é invisível para o usuário.\r\nAlém disso, também temos a denominação full stack, que pode ser usada quando o desenvolvedor possui conhecimento para desenvolver aplicações básicas tanto para front e quanto para back-end ou tanto para web quanto para mobile.\r\nMobile\r\nO programador mobile possui foco em aplicações para dispositivos móveis, como o celular, trabalhando a partir de uma ou mais linguagens compatíveis com os sistemas iOS e/ou Android.\r\nGames \r\nOs desenvolvedores de games projetam e programam, parcial ou integralmente, jogos para diferentes plataformas, de computadores a celulares e consoles. Nessa área, o trabalho conjunto com designers é essencial, considerando a alta demanda imersiva e visual dos games.\r\nBanco de dados\r\nPor fim, também existem programadores que trabalham especificamente com processamento e análise de dados, gerenciando a implementação, desempenho e segurança das informações contidas em um sistema.\r\nQuais as principais competências?\r\nEscolha a sua linguagem e invista no aprendizado. | Imagem: Unplash\r\nComo vimos, um programador precisa dominar linguagens de programação e desenvolver suas capacidades analíticas a fim de encontrar soluções lógicas ao desenvolver softwares. Fora isso, um bom nível de inglês e o aprimoramento constante são super importantes, considerando a presença significativa de termos estrangeiros no dia a dia da programação e a alta competitividade e dinamicidade do mercado.\r\nMas isso tudo é básico e você pode desenvolver outras competências, para além da programação, que vão realmente fazer seu currículo se destacar entre os demais e te tornar um profissional de valor.\r\nVocê precisa ir além do básico!\r\nO programador é um desenvolvedor de soluções e não um mero executor ou codificador de demandas e é por isso que você precisa ser capaz de projetar as suas entregas para além do código, garantindo uma boa comunicação e bons resultados tanto para o seu empregador quanto para o cliente.\r\nPara isso, a dica é você buscar entender não só sobre tecnologia, mas sobre regras de negócio, se tornando capaz de propor soluções de software cada vez mais otimizadas e eficazes.É claro que cada segmento apresenta regras de negócio específicas, mas a nossa sugestão para você é se antecipar. Ter um conhecimento prévio sobre regras de negócio contábeis, por exemplo, pode te abrir portas em empresas especializadas nessa área ou representar uma nova oportunidade de atuação e captação de clientes para a empresa que você já trabalha.\r\n\r\nDe um jeito ou de outro, o seu valor de mercado com certeza aumentará e as soluções por você propostas serão muito mais alinhadas às necessidades do cliente do que as sugeridas por um desenvolvedor sem essa visão mais macro", "criado_por": 2, "criado_em": "2021-09-22", "foto": "static/img/geral_6zanTiR.jpg", "categoria": [1, 2, 3, 4, 5, 6, 8]}}, {"model": "main.post", "pk": 9, "fields": {"titulo": "Como emitir NF-e com JavaScript? Veja o passo a passo", "subtitulo": "Emitir NF-e com JavaScript não é algo tão simples, mas esse processo pode ficar mais fácil, rápido e prático. Quer saber como? Vem ver!", "conteúdo": "Quando seus clientes buscam a sua software house, eles chegam com algumas dores e aos poucos você vai descobrindo que existem muitas outras, não é mesmo? A emissão da Nota Fiscal Eletrônica costuma ser uma dessas dores, então por que não incorporar essa feature ao seu software?\r\nSe você trabalha com a linguagem JavaScript e quer entender melhor como funcionam as notas fiscais nesses casos, você está no lugar certo. Vamos te mostrar o passo a passo de como emitir NF-e com JavaScript.\r\n\r\nEntenda a linguagem JavaScript\r\n\r\nO JavaScript (que não deve ser confundido com o Java) é uma linguagem que nasceu há quase 30 anos e, ao longo de todo esse tempo, ela se tornou uma das mais utilizadas por programadores e desenvolvedores. O JavaScript foi projetado para rodar no navegador do usuário.\r\nAo contrário de outras linguagens, ele roda programas localmente, não remotamente em servidores. Isso torna a linguagem mais dinâmica e entrega aos usuários maior possibilidade de personalização.\r\nDesafios da Linguagem JavaScript\r\n\r\nJavaScript é uma das linguagens mais populares no mundo.\r\nA linguagem JavaScript é popular no mundo todo, isso é verdade. Mas toda essa popularidade não significa que a linguagem não tenha limitações. \r\nA segurança é a principal questão do JavaScript. Fraudadores e hackers gostam dessa linguagem porque ela pode ser usada para acessar dados do usuário sem sua permissão. \r\nOutra limitação é a compatibilidade com alguns sistemas e navegadores. O JavaScript não funciona em todos os navegadores, o que pode representar uma dor de cabeça para o desenvolvedor, que precisará fazer mais testes e encontrar outras soluções.\r\nAprenda a emitir NF-e com JavaScript\r\n\r\nO Manual de Orientação do Contribuinte (MOC) mostra todo o processo de emissão NF-e com JavaScript.\r\nAntes de qualquer coisa, recomendamos que você leia o Manual de Orientação do Contribuinte (MOC) para ficar por dentro de todas as minúcias desse processo. Clicando na primeira opção “Manual de Orientação ao Contribuinte – MOC – versão 7.0 – NF-e e NFC-e”, você terá acesso a todas essas minúcias.\r\nComo o documento é bastante longo e a linguagem é puramente técnica, o nosso conselho é que alguém da sua equipe busque estudar sobre legislação fiscal para ter mais intimidade com todas essas siglas e regras.\r\nEntão, vamos ao passo a passo para emitir a NF-e usando a linguagem JavaScript?\r\n            1. Criação do XML\r\n\r\nO XML é o padrão de documentos especificado pelo MOC, mas existem alguns critérios que precisam ser seguidos  para que você consiga gerar o XML de forma tranquila, diminuindo a probabilidade de erros.\r\nSegundo o MOC, o padrão que deve ser seguido é o W3C para XML 1.0 e a codificação dos caracteres é UTF-8. Todos os documentos XML devem começar dessa forma:\r\n\r\n            1. Assinatura com Certificado Digital\r\n\r\nGerou o XML? Agora é a hora de assiná-lo com um Certificado Digital da SEFAZ. O Certificado Digital é indispensável porque ele também será utilizado no momento da transmissão.\r\nDe acordo com as orientações do MOC, esse Certificado Digital deve ser emitido por uma Autoridade Certificadora credenciada pela ICP-Brasil, do tipo A1 ou A3. O documento deve conter o CNPJ no campo OtherName OID =2.16.76.1.3.3 ou o CPF no campo OtherName OID=2.16.76.1.3.1.\r\n            1. Implementação do cliente\r\nO MOC também diz que o padrão de comunicação para a implementação é baseado em Web Services, que são disponibilizados pelo Sistema de Recepção de NF-e.\r\nExistem duas formas de implementação: a síncrona ou a assíncrona. No caso da síncrona, elas são processadas de forma imediata a partir de uma única conexão. Já a assíncrona acontece quando são processadas de forma distribuída por mais de um processo, sendo necessária uma segunda conexão.\r\nPara entender melhor sobre isso, veja esse trecho do MOC:\r\n\r\n    • Serviços síncronos – o processamento da solicitação de serviço é concluído na mesma\r\n    • \r\nconexão, com a devolução de uma mensagem com o resultado do processamento do serviço solicitado;\r\n    • Serviços assíncronos – o processamento da solicitação de serviço não é concluído na mesma conexão, havendo a devolução de uma mensagem de resposta com um recibo que apenas confirma o recebimento da solicitação de serviço. O aplicativo do contribuinte deverá realizar uma nova conexão para consultar o resultado do processamento do serviço solicitado anteriormente.\r\n      \r\n            1. Envio e Retorno dos Web Services\r\n\r\nA NFe deve ser enviada pelos Web Services. O próximo passo é aguardar um retorno positivo, que deve acontecer em cerca de 5 minutos.\r\nPode ser que o retorno seja negativo, o que demandará uma revisão de todo esse processo, a fim de analisar qual foi o erro.", "criado_por": 3, "criado_em": "2021-09-22", "foto": "static/img/javascript_gUttzFC.jpg", "categoria": [4, 8]}}, {"model": "main.indicacao", "pk": 1, "fields": {"indicacao": "l", "titulo": "Curso Intensivo de Python: Uma Introdução Prática e Baseada em Projetos à Programação", "categoria": 1, "autor": "Eric Matthes", "sinopse": "Este livro é a segunda edição de um dos livros de Python mais vendidos no mundo.\r\n\r\nO livro “Curso Intensivo de Python: Uma Introdução Prática e Baseada em Projetos à Programação“ ensina aos desenvolvedores júnior sobre o básico da programação em Python, com foco em projetos reais.\r\n\r\nVocê irá aprender coisas como:\r\n   \r\n    • Criar games que respondam a pressionamentos de teclas e a cliques de mouse, com aumento no nível de dificuldade à medida que o jogo \r\n     prosseguir;\r\n    • Usar técnicas de visualização de dados para fazer gráficos e tabelas;\r\n    • Construir e implantar um aplicativo da web.\r\n    • Lidar com equívocos e erros para que você possa resolver problemas reais de programação.", "link": "https://www.amazon.com.br/Curso-Intensivo-Python-Introdução-Programação/dp/8575225030/ref=sr_1_1?adgrpid=84996624447&dchild=1&gclid=EAIaIQobChMIgKCd4ebM8gIVTIGRCh0qOAfQEAAYASAAEgJ7fPD_BwE&hvadid=426015982049&hvdev=c&hvlocphy=9102304&hvnetw=g&hvqmt=b&hvrand=2851776021131296461&hvtargid=kwd-394541269404&hydadcr=5656_11235223&keywords=curso+intensivo+de+python&qid=1629916135&sr=8-1", "criado_em": "2021-08-25", "foto": "static/img/Post_01Image_IX00Mrd.jpg"}}, {"model": "main.indicacao", "pk": 2, "fields": {"indicacao": "l", "titulo": "Automatize tarefas maçantes com Python: Programação prática para verdadeiros iniciantes", "categoria": 1, "autor": "Al Sweigart", "sinopse": "Chega de passar horas renomeando arquivos ou atualizando centenas de células de planilhas. Bora automatizar tudo com Python!\r\nCom este livro, você aprenderá os fundamentos do Python e explorará a rica biblioteca de módulos do Python para realizar tarefas específicas, como extrair dados de sites, ler documentos PDF e Word e automatizar tarefas que envolvam clicar ou digitar.\r\n\r\nO livro “Automatize tarefas maçantes com Python: Programação prática para verdadeiros iniciantes” também apresenta instruções passo a passo, sendo extremamente recomendado conferir estas instruções.\r\n\r\nElas irão guiá-lo por meio de muita programação prática provocando você a melhorar os códigos apresentados e usar suas novas habilidades que serão aprendidas para automatizar tarefas similares.\r\n\r\nÉ um dos melhores livros de Python quando o assunto é automação de tarefas, eu conferiria agora se fosse você!", "link": "https://www.amazon.com.br/Automatize-Tarefas-Maçantes-com-Python/dp/8575224468", "criado_em": "2021-08-25", "foto": "static/img/Indicacao_02.jpg"}}, {"model": "main.indicacao", "pk": 3, "fields": {"indicacao": "l", "titulo": "Python Para Análise de Dados: Tratamento de Dados com Pandas, NumPy e IPython", "categoria": 1, "autor": "Wes McKinney", "sinopse": "O livro “Python Para Análise de Dados: Tratamento de Dados com Pandas, NumPy e IPython” é praticamente um manual de referência para consulta. Você vai usá-lo por muito tempo, pode apostar.\r\n\r\nEle cobre metodicamente um recurso ou operação antes de passar para a próxima etapa.\r\n\r\nEscrito por Wes McKinney, o principal autor da biblioteca Pandas, a obra é repleta de estudos de casos práticos.\r\n\r\nSabe uma coisa bem bacana: os arquivos de dados e os materiais relacionados ao livro estão TODOS disponíveis no GitHub.\r\n\r\nCom este livro de Python, você aprenderá principalmente sobre:\r\n   \r\n    • Utilizar o shell IPython e o Jupyter para processamentos exploratórios;\r\n    • Os recursos básicos e avançados da NumPy (Numerical Python);\r\n    • Trabalhar com ferramentas de análise de dados da biblioteca Pandas;\r\n    • Usar ferramentas flexíveis para carregar, limpar, transformar, combinar e reformatar dados;\r\n    • Criar visualizações informativas com matplotlib;\r\n    • Analisar e manipular dados de séries temporais regulares e irregulares.\r\n\r\nÉ fundamental para novos desenvolvedores em Python e analistas de dados que utilizam o Python em seu dia a dia.", "link": "https://www.amazon.com.br/Python-Para-Análise-Dados-Tratamento/dp/8575226479", "criado_em": "2021-08-25", "foto": "static/img/Indicacao_03.jpg"}}, {"model": "main.indicacao", "pk": 4, "fields": {"indicacao": "c", "titulo": "Deteccão  de movimentos com Python e OpenCV", "categoria": 1, "autor": "Jones Granaltyr e Dalton Luiz Vargas", "sinopse": "O que você aprenderá\r\n      \r\n    • Entender a teoria básica sobre subtração de fundos aplicado em detecção de movimentos\r\n    • Implementar os algoritmos MOG, GMG, KNN e CNT com o OpenCV, bem como comparar a qualidade e desempenho\r\n    • Melhorar a qualidade dos vídeos utilizando técnicas de pré-processamento, como operações morfológicas e desfoque\r\n    • Implementar um detector de movimento para monitoração de ambientes\r\n    • Implementar um detector de distanciamento social para verificar a existência de aglomerações\r\n    • Implementar um contador de carros e caminhões utilizando vídeos de rodovias.\r\n\r\nRequisitos\r\n      \r\n    • Lógica de programação, principalmente estruturas condicionais e de repetição\r\n    • Programação básica em Python\r\n\r\nDescrição\r\n\r\nA detecção de movimentos é uma sub-área da Visão Computacional que tem o objetivo de identificar movimentos em vídeos ou em tempo real. Esse tipo de aplicação pode ser muito útil principalmente para sistemas de vigilância, nos quais é necessário detectar movimentos suspeitos como um ladrão tentando entrar na casa. Existem várias outras aplicações, como por exemplo: análise de tráfego em rodovias, detecção e contagem de pessoas, rastreamento de animais, contagem de ciclistas, dentre outros. Um sistema de controle de tráfego pode utilizar essas técnicas para identificar o número de carros e caminhões que passam pela rodovia diariamente e em determinados horários, para então realizar um planejamento de manutenção na pista.\r\nE para levar você até essa área, neste curso você aprenderá na prática como utilizar algoritmos de subtração de fundo para detectar movimentos em vídeos, tudo passo a passo e utilizando a linguagem Python! Confira abaixo os principais tópicos que você aprenderá, bem como os projetos práticos:\r\n   \r\n     • Intuição teórica básica sobre a subtração de fundos e os principais algoritmos: MOG (Mixture of Gaussians), GMG (Godbehere, Matsukawa e Goldbert), KNN (K Nearest Neighbors) e CNT (Count)\r\n    • Comparativo de qualidade e desempenho de cada algoritmo\r\n    • Projeto prático 1: detector de movimento para monitorar ambientes\r\n    • Projeto prático 2: detector de distanciamento social para identificar possíveis aglomerações de pessoas\r\n    • Projeto prático 3: contador de carros e caminhões em rodovias\r\nAo final do curso, você poderá criar seus próprios projetos de detecção de movimentos!\r\n\r\nPara quem é este curso:\r\n      \r\n    • Pessoas interessadas em implementar detectores de movimento ou contadores de objetos em vídeos\r\n    • Alunos de graduação e pós-graduação que cursam disciplinas de Computação Gráfica, Processamento Digital de Imagens ou Inteligência Artificial\r\n    • Cientistas de Dados que queiram aumentar seus conhecimentos em Visão Computacional", "link": "https://www.udemy.com/course/deteccao-movimentos-python-opencv/", "criado_em": "2021-08-28", "foto": "static/img/python_YrkGwS1.jpg"}}, {"model": "main.indicacao", "pk": 5, "fields": {"indicacao": "l", "titulo": "Java para Iniciantes: Crie, Compile e Execute Programas Java Rapidamente", "categoria": 6, "autor": "Herbert Schildt", "sinopse": "Aprenda rapidamente os fundamentos da programação Java com Herbert Schildt, autor best-seller de publicações sobre programação. Totalmente atualizado para Java Platform, Standard Edition 8 (Java SE 8), Java para iniciantes, 6ª edição apresenta os aspectos básicos e discute as palavras-chave, a sintaxe e as estruturas que formam a base da linguagem. Também aborda recursos mais avançados, incluindo programação com várias threads, tipos genéricos e Swing, além de descrever alguns dos novos recursos de JAVA SE 8, como expressões lambda e métodos de interface padrão. Uma introdução a JavaFX, a mais nova GUI de Java, conclui este livro. Feito para aprendizagem rápida: - Principais habilidades e conceitos:cada capítulo inicia com uma lista das habilidades que serão abordadas. - Pergunte ao especialista: seções de perguntas e respostas com informações adicionais e dicas úteis. - Tente isto: exercícios que mostram como aplicar suas habilidades. - Testes: perguntas ao final dos capítulos testam o conhecimento adquirido. - Sintaxe comentada: códigos com comentários que descrevem as técnicas de programação discutidas.", "link": "https://www.amazon.com.br/Java-para-Iniciantes-Programas-Rapidamente/dp/8582603363/ref=asc_df_8582603363/?tag=googleshopp00-20&linkCode=df0&hvadid=379792215563&hvpos=&hvnetw=g&hvrand=18365080187583822541&hvpone=&hvptwo=&hvqmt=&hvdev=c&hvdvcmdl=&hvlocint=&hvlocphy=1031645&hvtargid=pla-811020653920&psc=1", "criado_em": "2015-05-31", "foto": "static/img/81ViSJXDezL_4hMehLs.jpg"}}, {"model": "main.indicacao", "pk": 6, "fields": {"indicacao": "l", "titulo": "Use a cabeça!: Java", "categoria": 6, "autor": "Bert Bates", "sinopse": "Use a Cabeça! Java é uma experiência completa de aprendizado em programação orientada a objetos (OO) e Java. Projetado de acordo com princípios de aprendizado simples, este livro mostrará de aspectos básicos da linguagem a tópicos avançados que incluem segmentos, soquetes de rede e programação distribuída.O mais importante é que você aprenderá a pensar como um desenvolvedor orientado a objetos. E não irá apenas ler: você vai participar de jogos, resolver quebra-cabeças, refletir sobre mistérios e interagir com Java de formas nunca imaginadas. No decorrer da leitura, você escreverá muitos códigos Java reais.A abordagem de aprendizado da série Use a Cabeça! o ajudará a memorizar rapidamente o conhecimento de maneira permanente. Prepare-se para abrir sua mente enquanto aprende (e compreende) tópicos-chave, entre eles:\r\n•A linguagem Java.\r\n•O desenvolvimento orientado a objetos.\r\n•A criação, o teste e a implantação de aplicativos.\r\n•O uso da biblioteca do API Java.\r\n•A manipulação de exceções.\r\n•O uso de vários segmentos.\r\n•A programação de GUI com o Swing.\r\n•A rede com RMI e soquetes.\r\n•Os conjuntos e tipos genéricos.", "link": "https://www.amazon.com.br/Use-cabeça-Java-Bert-Bates/dp/8576081733/ref=asc_df_8576081733/?tag=googleshopp00-20&linkCode=df0&hvadid=379765802390&hvpos=&hvnetw=g&hvrand=18365080187583822541&hvpone=&hvptwo=&hvqmt=&hvdev=c&hvdvcmdl=&hvlocint=&hvlocphy=1031645&hvtargid=pla-388681580538&psc=1", "criado_em": "2007-11-16", "foto": "static/img/61jzaHuWFLL_uV8res3.jpg"}}, {"model": "main.indicacao", "pk": 7, "fields": {"indicacao": "l", "titulo": "Python Para Análise de Dados: Tratamento de Dados com Pandas, NumPy e IPython", "categoria": 1, "autor": "Wes McKinney", "sinopse": "Obtenha instruções completas para manipular, processar, limpar e extrair informações de conjuntos de dados em Python. Atualizada para Python 3.6, este guia prático está repleto de casos de estudo práticos que mostram como resolver um amplo conjunto de problemas de análise de dados de forma eficiente. Você conhecerá as versões mais recentes do pandas, da NumPy, do IPython e do Jupyter no processo. Escrito por Wes McKinney, criador do projeto Python pandas, este livro contém uma introdução prática e moderna às ferramentas de ciência de dados em Python. É ideal para analistas, para quem Python é uma novidade, e para programadores Python iniciantes nas áreas de ciência de dados e processamento científico. Os arquivos de dados e os materiais relacionados ao livro estão disponíveis no GitHub. Utilize o shell IPython e o Jupyter Notebook para processamentos exploratórios; conheça os recursos básicos e avançados da NumPy (Numerical Python); comece a trabalhar com ferramentas de análise de dados da biblioteca pandas; utilize ferramentas flexíveis para carregar, limpar, transformar, combinar e reformatar dados; crie visualizações informativas com a matplotlib; aplique o recurso groupby do pandas para processar e sintetizar conjuntos de dados; analise e manipule dados de séries temporais regulares e irregulares.", "link": "https://www.amazon.com.br/Python-Para-Análise-Dados-Tratamento/dp/8575226479/ref=sr_1_4?adgrpid=82348042758&dchild=1&gclid=Cj0KCQjw7MGJBhD-ARIsAMZ0eesMdLxlLQclxHay_bnAbbFgR7kLsUNFFl8mttDZWHlABvz60DgYW1MaAg1ZEALw_wcB&hvadid=426015972917&hvdev=c&hvlocphy=1031645&hvnetw=g&hvqmt=b&hvrand=1229264284021771598&hvtargid=kwd-461128313715&hydadcr=5624_11235133&keywords=fluente+python&qid=1630625824&sr=8-4&ufe=app_do%3Aamzn1.fos.6121c6c4-c969-43ae-92f7-cc248fc6181d", "criado_em": "2018-01-09", "foto": "static/img/71DBpD6-brL_hQxKdt5.jpg"}}, {"model": "main.indicacao", "pk": 8, "fields": {"indicacao": "l", "titulo": "Use a Cabeça! Python ― 2ª Edição", "categoria": 1, "autor": "Paul Barry", "sinopse": "O que você aprenderá com este livro? Deseja aprender a linguagem Python sem percorrer um longo caminho com manuais? Com o Use a Cabeça! Python, você entenderá rapidamente os fundamentos do Python trabalhando com estruturas de dados e funções predefinidas. Então poderá construir seu próprio aplicativo web explorando o gerenciamento do banco de dados, tratamento de exceções e administração dos dados. Se você fica intrigado com o que pode fazer com os gerenciadores de texto, decoradores, compreensões e geradores, tudo estará aqui também. Esta segunda edição é uma experiência de aprendizado completa que o ajudará a se tornar um programador Python em pouco tempo. O que é tão especial neste livro? Com base nas últimas pesquisas em Ciência Cognitiva e Teoria do Aprendizado, o livro Use a Cabeça Python usa um formato visualmente rico, para envolver sua mente, em vez da abordagem com muito texto que o deixa com sono. Por que perder tempo lutando contra novos conceitos? Esta experiência de aprendizado multissensorial é designada para o modo como seu cérebro realmente funciona. Depoimentos: “Um livro Python deve ser tão divertido quanto a linguagem. Com o Use a Cabeça Python, o mestre Paul Barry oferece um guia rápido, divertido e envolvente para a linguagem que o deixará bem preparado para escrever um código em Python real.” ― Dr. Eric Freeman, cientista de computação, professor de tecnologia, ex diretor da Disney Online \"O Use a Cabeça Python é uma ótima introdução à linguagem e ao uso do Python no mundo real… Se você estiver procurando uma ótima introdução ao Python, este será o lugar para iniciar.” ― David Griffiths, autor e instrutor de Ágil", "link": "https://www.amazon.com.br/Use-Cabeça-Python-2ª-Edição/dp/8550803405/ref=sr_1_1?adgrpid=81222241837&dchild=1&gclid=Cj0KCQjw7MGJBhD-ARIsAMZ0eesbZv-nprk5pHzhkTATOIXsSzTH3eWjBvOftay_psonIRLEJHJsFYgaAtVtEALw_wcB&hvadid=478029704078&hvdev=c&hvlocphy=1031645&hvnetw=g&hvqmt=b&hvrand=8165693893443197834&hvtargid=kwd-296950774930&hydadcr=5627_13048166&keywords=head+first+python&qid=1630625763&sr=8-1&ufe=app_do%3Aamzn1.fos.6d798eae-cadf-45de-946a-f477d47705b9", "criado_em": "2018-08-13", "foto": "static/img/61i9uXAvcS_b4oBMJa.jpg"}}, {"model": "main.indicacao", "pk": 9, "fields": {"indicacao": "l", "titulo": "Python Fluente: Programação Clara, Concisa e Eficaz", "categoria": 1, "autor": "Luciano Ramalho", "sinopse": "A simplicidade de Python permite que você se torne produtivo rapidamente, porém isso muitas vezes significa que você não estará usando tudo que ela tem a oferecer. Com este guia prático, você aprenderá a escrever um código Python eficiente e idiomático aproveitando seus melhores recursos – alguns deles, pouco conhecidos. O autor Luciano Ramalho apresenta os recursos essenciais da linguagem e bibliotecas de Python mostrando como você pode tornar o seu código mais conciso, mais rápido e mais legível ao mesmo tempo.\r\nMuitos programadores experientes tentam dobrar o Python para que ele se enquadre em padrões aprendidos com outras linguagens e jamais descobrem os recursos do Python que estão além de sua experiência. Com este livro, esses programadores Python aprenderão a ser totalmente proficientes em Python 3.", "link": "https://www.amazon.com.br/Python-Fluente-Programação-Concisa-Eficaz/dp/857522462X/ref=sr_1_1?adgrpid=83841344800&dchild=1&gclid=Cj0KCQjw7MGJBhD-ARIsAMZ0eesgUHx4pkU_wI9LQ23iUbYme-IKb1PkhTDfUnCGcT9vzLbuk2WVxGcaAtgCEALw_wcB&hvadid=478029891491&hvdev=c&hvlocphy=1031645&hvnetw=g&hvqmt=e&hvrand=15855467674268100034&hvtargid=kwd-856805267642&hydadcr=5688_13048263&keywords=python+fluente+programação+clara+concisa+e+eficaz&qid=1630625740&sr=8-1&ufe=app_do%3Aamzn1.fos.6a09f7ec-d911-4889-ad70-de8dd83c8a74", "criado_em": "2015-10-15", "foto": "static/img/71nnLTh7VXL_L2cZbPF.jpg"}}, {"model": "main.indicacao", "pk": 10, "fields": {"indicacao": "c", "titulo": "Formação Java e Orientação a Objetos", "categoria": 6, "autor": "Nico Steppat", "sinopse": "Java é uma das linguagens de programação mais usadas no mundo, segundo o famoso ranking da TIOBE. É uma linguagem orientada a objetos, multiplataforma e bastante completa por permitir a criação de um programa único para uso em diversas plataformas. A plataforma Java ganhou muitos mercados diferentes - da web ao desktop em grandes empresas e governos, passando por mobile e IoT mas o grande mercado Java hoje ainda é o back-end em sistemas Web.\r\nA formação Java da Alura é um guia de aprendizado completo para você iniciar uma carreira na programação Java. Você vai aprender desde os fundamentos da linguagem com as boas práticas até o conhecimento essencial para uma boa modelagem orientada a objetos.", "link": "https://www.alura.com.br/formacao-java", "criado_em": "2021-01-01", "foto": "static/img/java-logo_vsj5uxM.jpg"}}, {"model": "main.indicacao", "pk": 11, "fields": {"indicacao": "l", "titulo": "Fundamentos do JavaScript: Objetos", "categoria": 4, "autor": "Juliana Amoasei", "sinopse": "Aprenda o que são objetos e por que são importantes\r\nVeja como acessar dados em um objeto, alterar e adicionar com métodos do JS\r\nEntenda o que são propriedades e métodos de um objeto\r\nCrie objetos a partir de funções construtoras\r\nEntenda o conceito de protótipos em JavaScript\r\nAprenda os conceitos básicos de Orientação a Objetos com JavaScript\r\nPúblico alvo\r\nIniciantes que escolheram o JavaScript para iniciar a aprendizagem em programação, buscam aprender os fundamentos da linguagem e já têm familiaridade com funções, tipos e arrays.", "link": "https://www.alura.com.br/curso-online-fundamentos-javascript-objetos", "criado_em": "2021-01-01", "foto": "static/img/javascript_Cg34Erh.png"}}, {"model": "main.indicacao", "pk": 12, "fields": {"indicacao": "c", "titulo": "Fundamentos do JavaScript: Arrays", "categoria": 4, "autor": "Leonardo Sartorello", "sinopse": "Aprenda o que são arrays e porque são importantes\r\nVeja como alterar arrays com os métodos do JS\r\nEntenda o que são laços de repetição e como usá-los\r\nModifique arrays utilizando métodos do JS moderno (ES6 em diante)\r\nPratique com os conceitos básicos e adquira conhecimentos sólidos\r\nPúblico alvo\r\nIniciantes que escolheram o JavaScript para iniciar em programação e buscam aprender os fundamentos da linguagem.", "link": "https://www.alura.com.br/curso-online-fundamentos-javascript-arrays", "criado_em": "2021-01-01", "foto": "static/img/javascript_edAqDNw.png"}}, {"model": "main.indicacao", "pk": 13, "fields": {"indicacao": "l", "titulo": "HTML e CSS: projete e construa websites", "categoria": 2, "autor": "Jon Duckett", "sinopse": "Bem-vindo a uma melhor maneira de aprender HTML & CSS.Se você quer projetar, construir do zero ou ter mais controle sobre um site existente, este livro lhe ajudará a criar conteúdos atrativos e amigáveis. Sabemos que código pode ser um pouco intimidador, mas dê uma olhada e veja como este guia difere dos livros de programação mais tradicionais. Toda as páginas apresentam um novo tópico e maneira simples e visual, com explicações diretas acompanhadas das amostras de código. Você encontrará ajuda em como organizar e projetar as páginas do seu site para que possa criar websites fantásticos e fáceis de usar. Não é necessário ter experiência! ESTE LIVRO É PARA:Web designers e programadores;Editores online e de conteúdo;Times de blogueiros de e-commerce e marketing;Tambem para hobby. VOCÊ APRENDERÁ A:Escrever em HTML5 e CSS3;Estruturar websites;Preparar imagens, áudio, e video;Controlar tipografia e layout.", "link": "https://www.amazon.com.br/HTML-CSS-projete-construa-Websites/dp/8576089394/ref=asc_df_8576089394/?tag=googleshopp00-20&linkCode=df0&hvadid=379748659420&hvpos=&hvnetw=g&hvrand=2042143952138328876&hvpone=&hvptwo=&hvqmt=&hvdev=c&hvdvcmdl=&hvlocint=&hvlocphy=1031645&hvtargid=pla-325935374566&psc=1", "criado_em": "2016-06-15", "foto": "static/img/51-paNiiAKL_HcPpHr4.jpg"}}, {"model": "main.indicacao", "pk": 14, "fields": {"indicacao": "l", "titulo": "JavaScript: O Guia Definitivo", "categoria": 4, "autor": "David Flanagan", "sinopse": "Referência completa para programadores, JavaScript: O guia definitivo fornece uma ampla descrição da linguagem JavaScript básica e das APIs JavaScript do lado do cliente definidas pelos navegadores Web. Em sua 6ª edição, cuidadosamente reescrita para estar de acordo com as melhores práticas de desenvolvimento Web atuais, abrange ECMAScript 5 e HTML5 e traz novos capítulos que documentam jQuery e JavaScript do lado do servidor. Recomendado para programadores experientes que desejam aprender a linguagem de programação da Web e para programadores JavaScript que desejam ampliar seus conhecimentos e dominar a linguagem, este é o guia do programador e manual de referência de JavaScript completo e definitivo.", "link": "https://www.amazon.com.br/JavaScript-Guia-Definitivo-David-Flanagan/dp/856583719X/ref=asc_df_856583719X/?tag=googleshopp00-20&linkCode=df0&hvadid=379765802390&hvpos=&hvnetw=g&hvrand=2042143952138328876&hvpone=&hvptwo=&hvqmt=&hvdev=c&hvdvcmdl=&hvlocint=&hvlocphy=1031645&hvtargid=pla-812161948788&psc=1", "criado_em": "2012-08-29", "foto": "static/img/91z1xY4ppaL_LIWK7sw.jpg"}}, {"model": "usuarios.customuser", "pk": 23, "fields": {"telefone": "9999999999", "aniversario": "2021-09-08", "foto": "static/img/antonio_28pTATm.jfif", "estado": "SC", "CEP": "88320-000", "cidade": "Gaspar", "genero": "H", "link_fb": null, "link_git": null, "link_tt": null, "link_ig": null, "ocupacao": "e"}}, {"model": "usuarios.customuser", "pk": 28, "fields": {"telefone": null, "aniversario": null, "foto": "static/img/antonio_4U4zaax.jfif", "estado": null, "CEP": "88320-000", "cidade": "Gaspar", "genero": "F", "link_fb": null, "link_git": null, "link_tt": null, "link_ig": null, "ocupacao": "e"}}, {"model": "social.publicacao", "pk": 1, "fields": {"usuario": 23, "conteudo": "Minha primeira publicação", "data": "2021-09-20T12:47:26.835Z", "foto": ""}}, {"model": "social.publicacao", "pk": 2, "fields": {"usuario": 23, "conteudo": "Minha primeira publicação", "data": "2021-09-20T12:49:09.071Z", "foto": ""}}, {"model": "social.publicacao", "pk": 3, "fields": {"usuario": 23, "conteudo": "Teste", "data": "2021-09-24T17:33:08.111Z", "foto": ""}}]